{"type": "FeatureCollection", "name": "banbury-course-v1", "properties": {"course": "BanBury Golf Course Eagle", "address": "2626 S Marypost Pl, Eagle, ID 83616", "center": {"lat": 43.670886, "lng": -116.361379}, "source": "OpenStreetMap via api.openstreetmap.org map API", "generated": "2026-07-27", "accuracy_note": "Ops map: OSM primary. v1.61 add H15 fairway bunker OSM 1265928687 (west of existing); v1.6 H13/H14 OSM refresh. Not a survey.", "version": 1.61, "coverage": {"greens": 18, "fairways": 14, "hole_paths": [1, 2, 3, 4, 5, 6, 7, 8, 9, 10, 11, 12, 13, 14, 15, 16, 17, 18], "bunkers": 61, "tees": 70, "manual_added": [], "osm_h13_h14_refresh": "2026-07-28"}}, "features": [{"type": "Feature", "properties": {"osm_type": "way", "osm_id": 385943030, "golf": "water_hazard", "leisure": null, "feature_type": "water_hazard", "hole_number": null, "name": null, "par": null, "handicap": null, "ref": null, "tee": null, "surface": null, "source": "openstreetmap"}, "geometry": {"type": "Polygon", "coordinates": [[[-116.3668361, 43.6721515], [-116.3668308, 43.6721399], [-116.3668388, 43.6721341], [-116.366871, 43.6721379], [-116.3669193, 43.6721224], [-116.3669515, 43.6721263], [-116.3669997, 43.6721069], [-116.3670105, 43.6721069], [-116.3670212, 43.6720991], [-116.367048, 43.6720991], [-116.3670748, 43.6720836], [-116.367107, 43.6720875], [-116.3671178, 43.6720836], [-116.3671446, 43.6720914], [-116.367166, 43.6720914], [-116.3671902, 43.672105], [-116.367209, 43.6721224], [-116.3672251, 43.6721224], [-116.3672546, 43.6721438], [-116.3673189, 43.6722136], [-116.3673538, 43.6722349], [-116.3673806, 43.6722466], [-116.3674021, 43.6722505], [-116.3674235, 43.6722621], [-116.3674343, 43.6722621], [-116.3674557, 43.6722737], [-116.3674772, 43.6722776], [-116.3675255, 43.6723009], [-116.3675576, 43.6723087], [-116.3675818, 43.6723222], [-116.3676167, 43.6723319], [-116.3676488, 43.6723358], [-116.3676569, 43.6723416], [-116.3676971, 43.6723552], [-116.3677078, 43.6723552], [-116.3679819, 43.6724131], [-116.3681799, 43.6724716], [-116.368432, 43.6725298], [-116.3685393, 43.6725647], [-116.3685769, 43.6725841], [-116.3688987, 43.672654], [-116.369108, 43.672685], [-116.3692528, 43.6727083], [-116.3694781, 43.6727781], [-116.369653, 43.6728984], [-116.3697851, 43.6729428], [-116.3698375, 43.6729799], [-116.3699105, 43.6730109], [-116.3699368, 43.6730517], [-116.3699327, 43.6730987], [-116.369855, 43.6731761], [-116.3697517, 43.6732011], [-116.3694979, 43.6731826], [-116.369403, 43.6731623], [-116.3689443, 43.6730594], [-116.3687664, 43.6729926], [-116.3683429, 43.6728503], [-116.3682067, 43.6727743], [-116.3681746, 43.6727665], [-116.3681585, 43.672751], [-116.3681155, 43.6727471], [-116.3680995, 43.6727393], [-116.3680887, 43.6727393], [-116.368078, 43.6727277], [-116.3680565, 43.6727277], [-116.3680404, 43.6727199], [-116.3680243, 43.6727199], [-116.3680136, 43.6727122], [-116.3680029, 43.6727122], [-116.3679761, 43.6727005], [-116.3679332, 43.6726928], [-116.3678849, 43.6726695], [-116.3678527, 43.6726656], [-116.3678366, 43.672654], [-116.3678044, 43.6726501], [-116.367783, 43.6726346], [-116.3677722, 43.6726346], [-116.3677078, 43.6725997], [-116.367681, 43.6725997], [-116.3676435, 43.6725803], [-116.3676167, 43.6725803], [-116.3675898, 43.6725686], [-116.3675737, 43.6725686], [-116.3675576, 43.6725531], [-116.3675416, 43.672557], [-116.3675308, 43.6725531], [-116.3674772, 43.6725221], [-116.3674272, 43.6725101], [-116.3671821, 43.6724289], [-116.3671607, 43.6724212], [-116.3671446, 43.6724212], [-116.3670963, 43.6724018], [-116.3670856, 43.6724018], [-116.3670507, 43.6723804], [-116.367048, 43.6723746], [-116.3670212, 43.672363], [-116.366989, 43.6723591], [-116.3669515, 43.6723358], [-116.3669354, 43.6723358], [-116.3669139, 43.6723203], [-116.3669032, 43.6723203], [-116.3668817, 43.672297], [-116.3668603, 43.6722931], [-116.3668495, 43.6722854], [-116.3668388, 43.6722854], [-116.3668308, 43.6722796], [-116.3668361, 43.6721515]]]}}, {"type": "Feature", "properties": {"osm_type": "way", "osm_id": 385943031, "golf": "lateral_water_hazard", "leisure": null, "feature_type": "lateral_water_hazard", "hole_number": null, "name": null, "par": null, "handicap": null, "ref": null, "tee": null, "surface": null, "source": "openstreetmap"}, "geometry": {"type": "Polygon", "coordinates": [[[-116.3620001, 43.6714162], [-116.3620457, 43.6714182], [-116.3621074, 43.6713929], [-116.3621369, 43.6713716], [-116.3621423, 43.67136], [-116.3621637, 43.6713483], [-116.3621637, 43.6713406], [-116.3621798, 43.6713212], [-116.3622093, 43.6712959], [-116.3622335, 43.6712862], [-116.3622522, 43.6712649], [-116.3623059, 43.6712416], [-116.3623595, 43.6712416], [-116.3623649, 43.6712377], [-116.362381, 43.6712377], [-116.3624024, 43.6712455], [-116.3624239, 43.6712455], [-116.3624293, 43.6712416], [-116.3624614, 43.6712416], [-116.3624883, 43.6712571], [-116.3625097, 43.6712533], [-116.3625312, 43.671261], [-116.362558, 43.6712688], [-116.3625741, 43.6712688], [-116.3625956, 43.6712765], [-116.3626117, 43.6712765], [-116.3626438, 43.6712843], [-116.3626546, 43.6712843], [-116.3626868, 43.6712959], [-116.3627136, 43.6712998], [-116.362735, 43.6713115], [-116.3627511, 43.6713115], [-116.3627833, 43.671327], [-116.3628101, 43.6713309], [-116.3628504, 43.6713522], [-116.362955, 43.6713929], [-116.3629764, 43.6714085], [-116.3630033, 43.6714162], [-116.3630569, 43.6714511], [-116.363073, 43.6714511], [-116.3630837, 43.6714589], [-116.3631105, 43.6714667], [-116.3631266, 43.6714744], [-116.3631374, 43.6714744], [-116.3631588, 43.6714861], [-116.3631856, 43.67149], [-116.3632017, 43.6715016], [-116.3632071, 43.6714977], [-116.3632125, 43.6715016], [-116.3632822, 43.6715016], [-116.3632876, 43.6715055], [-116.3633519, 43.6715094], [-116.3633573, 43.6715132], [-116.3634163, 43.6715132], [-116.3634324, 43.6715094], [-116.3634646, 43.6715171], [-116.36347, 43.6715132], [-116.3635826, 43.6715132], [-116.3636309, 43.6715288], [-116.3636523, 43.6715288], [-116.3636792, 43.6715365], [-116.3636953, 43.6715365], [-116.3637114, 43.6715443], [-116.3637865, 43.6715559], [-116.3638991, 43.6715986], [-116.3639098, 43.6715986], [-116.3639635, 43.671618], [-116.3639796, 43.671618], [-116.3640332, 43.6716413], [-116.36406, 43.6716452], [-116.3640869, 43.6716568], [-116.3641137, 43.6716607], [-116.3641673, 43.6716878], [-116.3641781, 43.6716878], [-116.3642049, 43.6716995], [-116.3642558, 43.6717325], [-116.3642585, 43.671746], [-116.3642693, 43.671746], [-116.36428, 43.6717538], [-116.3642961, 43.6717499], [-116.3643014, 43.6717538], [-116.3643229, 43.6717538], [-116.3643444, 43.6717654], [-116.3644034, 43.6717732], [-116.3644248, 43.6717848], [-116.3644409, 43.6717848], [-116.3644463, 43.6717771], [-116.3644516, 43.671781], [-116.3644946, 43.671781], [-116.3645321, 43.6717887], [-116.3645482, 43.6717965], [-116.3645697, 43.6717965], [-116.3645858, 43.6718081], [-116.3646019, 43.6718004], [-116.3646126, 43.671812], [-116.3646206, 43.6718101], [-116.3646233, 43.6718042], [-116.3646448, 43.6718042], [-116.3646501, 43.671812], [-116.3646716, 43.6718081], [-116.3647038, 43.6718198], [-116.3647199, 43.6718198], [-116.3647735, 43.6718392], [-116.3647842, 43.6718469], [-116.364795, 43.6718469], [-116.3648057, 43.6718547], [-116.3648379, 43.6718624], [-116.3648862, 43.6718663], [-116.3649023, 43.6718741], [-116.3649559, 43.671878], [-116.3649666, 43.6718857], [-116.3649988, 43.6718896], [-116.3650042, 43.6718974], [-116.3650203, 43.6718935], [-116.365031, 43.6719012], [-116.3650686, 43.6719051], [-116.36509, 43.6719168], [-116.3651544, 43.6719245], [-116.365208, 43.67194], [-116.3652241, 43.67194], [-116.3652349, 43.6719478], [-116.3652617, 43.6719478], [-116.3652778, 43.6719556], [-116.3652992, 43.6719556], [-116.3653636, 43.6719711], [-116.3654065, 43.671975], [-116.3654387, 43.6719866], [-116.3654602, 43.6719866], [-116.3654709, 43.6719944], [-116.3655031, 43.6720021], [-116.3655406, 43.672006], [-116.3655567, 43.6720138], [-116.3655728, 43.6720138], [-116.3656157, 43.6720254], [-116.3656318, 43.6720254], [-116.3656399, 43.6720312], [-116.3658783, 43.6720728], [-116.3660123, 43.6720408], [-116.3660885, 43.6720097], [-116.3661954, 43.6719937], [-116.3662569, 43.6720097], [-116.3663392, 43.6720684], [-116.3663945, 43.6721475], [-116.3663847, 43.6722106], [-116.3663454, 43.6722649], [-116.3662605, 43.6722906], [-116.3660676, 43.6723129], [-116.3658574, 43.6723387], [-116.3656399, 43.6723339], [-116.3656318, 43.6723397], [-116.3655835, 43.6723358], [-116.3655728, 43.6723397], [-116.3655674, 43.6723358], [-116.3655031, 43.6723319], [-116.365487, 43.6723348], [-116.3654694, 43.6723353], [-116.3654471, 43.672332], [-116.3654187, 43.6723287], [-116.3653965, 43.6723225], [-116.365369, 43.6723164], [-116.3653207, 43.6723009], [-116.3653046, 43.6723009], [-116.3652678, 43.6722848], [-116.3652295, 43.6722776], [-116.3652095, 43.6722738], [-116.3651919, 43.672266], [-116.3651812, 43.6722582], [-116.365149, 43.6722543], [-116.3650852, 43.6722415], [-116.365052, 43.6722359], [-116.3650297, 43.6722317], [-116.365016, 43.6722265], [-116.3650005, 43.6722237], [-116.3649845, 43.6722185], [-116.3649663, 43.6722152], [-116.3649541, 43.6722107], [-116.3649466, 43.6722085], [-116.3649368, 43.6722063], [-116.3649258, 43.6722041], [-116.3649159, 43.6722005], [-116.3648993, 43.6721972], [-116.3648617, 43.6721883], [-116.3647842, 43.6721729], [-116.3647679, 43.672168], [-116.3647467, 43.6721573], [-116.3647175, 43.6721461], [-116.3646743, 43.6721011], [-116.3646582, 43.6720817], [-116.364634, 43.6720642], [-116.3645214, 43.6719944], [-116.3644892, 43.6719866], [-116.3644785, 43.6719788], [-116.3644624, 43.6719788], [-116.3644302, 43.6719633], [-116.3644141, 43.6719633], [-116.364398, 43.6719556], [-116.3643229, 43.6719517], [-116.3643068, 43.6719439], [-116.364256, 43.6719465], [-116.3642242, 43.6719477], [-116.3642049, 43.6719517], [-116.3641512, 43.6719556], [-116.3641244, 43.6719633], [-116.3640922, 43.6719633], [-116.3640869, 43.6719672], [-116.3640386, 43.6719711], [-116.3640332, 43.671975], [-116.3639259, 43.6719827], [-116.3639045, 43.6719905], [-116.3637382, 43.6719982], [-116.363706, 43.6719905], [-116.3636041, 43.6719827], [-116.3635397, 43.6719633], [-116.3635021, 43.6719594], [-116.3634726, 43.6719459], [-116.3634753, 43.67194], [-116.3634646, 43.67194], [-116.3634485, 43.6719323], [-116.3634378, 43.6719323], [-116.363427, 43.67194], [-116.3633841, 43.6719245], [-116.3633573, 43.6719245], [-116.3633412, 43.6719168], [-116.3633251, 43.6719168], [-116.3632554, 43.6718818], [-116.3632339, 43.671878], [-116.3632232, 43.6718702], [-116.3631749, 43.6718547], [-116.3631535, 43.6718547], [-116.3631427, 43.6718469], [-116.3630998, 43.6718469], [-116.3630944, 43.6718508], [-116.3630676, 43.671843], [-116.3630623, 43.6718469], [-116.3630086, 43.6718469], [-116.3629979, 43.6718353], [-116.3629818, 43.6718353], [-116.3629711, 43.6718275], [-116.3629496, 43.6718353], [-116.3629121, 43.6718353], [-116.3629067, 43.6718314], [-116.3628799, 43.6718314], [-116.3628584, 43.6718236], [-116.3628048, 43.6718236], [-116.362794, 43.6718314], [-116.3627619, 43.6718275], [-116.3627565, 43.6718314], [-116.362735, 43.6718314], [-116.3627243, 43.6718392], [-116.3627082, 43.6718392], [-116.3626814, 43.6718547], [-116.362668, 43.6718566], [-116.3625875, 43.6719071], [-116.3625821, 43.6719303], [-116.3625848, 43.6719362], [-116.3625821, 43.6719653], [-116.3625661, 43.6719769], [-116.3625661, 43.6719924], [-116.36255, 43.6720002], [-116.3625553, 43.6720118], [-116.3625473, 43.6720176], [-116.3625258, 43.6720176], [-116.3625151, 43.6720099], [-116.3624936, 43.6720099], [-116.3624722, 43.6719982], [-116.3624346, 43.6719944], [-116.3624266, 43.6719885], [-116.3624266, 43.671942], [-116.3624319, 43.6719381], [-116.3624319, 43.6718838], [-116.3624373, 43.6718799], [-116.3624373, 43.6718683], [-116.3624373, 43.6718178], [-116.3624427, 43.6718062], [-116.3624319, 43.6717984], [-116.3624266, 43.671779], [-116.3624078, 43.6717616], [-116.3623756, 43.671746], [-116.3623595, 43.671746], [-116.3623488, 43.6717383], [-116.3621289, 43.6717383], [-116.3621181, 43.6717344], [-116.3620618, 43.6716975], [-116.3620618, 43.6716316], [-116.3620511, 43.6716122], [-116.3620055, 43.6715792], [-116.3619626, 43.6715637], [-116.3619465, 43.6715637], [-116.3618271, 43.6715511], [-116.3617292, 43.6715338], [-116.3616373, 43.6714999], [-116.3616273, 43.6714492], [-116.3616326, 43.6714376], [-116.3616434, 43.6714337], [-116.3616675, 43.6714123], [-116.3617051, 43.6714046], [-116.3617158, 43.6714085], [-116.3617265, 43.6714046], [-116.3617319, 43.6714085], [-116.3617802, 43.6714085], [-116.3617855, 43.6714123], [-116.3618338, 43.6714123], [-116.3618714, 43.6714201], [-116.3620001, 43.6714162]]]}}, {"type": "Feature", "properties": {"osm_type": "way", "osm_id": 385943032, "golf": "water_hazard", "leisure": null, "feature_type": "water_hazard", "hole_number": null, "name": null, "par": null, "handicap": null, "ref": null, "tee": null, "surface": null, "source": "openstreetmap"}, "geometry": {"type": "Polygon", "coordinates": [[[-116.3720973, 43.6727956], [-116.3723414, 43.6731041], [-116.3723421, 43.673143], [-116.372336, 43.6731933], [-116.3723199, 43.6732321], [-116.3722933, 43.6733122], [-116.3721864, 43.6733731], [-116.3720394, 43.6734319], [-116.3720115, 43.6734358], [-116.371994, 43.6734426], [-116.3719538, 43.6734445], [-116.3718875, 43.6734542], [-116.3717802, 43.6734282], [-116.3716831, 43.6733744], [-116.371597, 43.6732962], [-116.3715423, 43.6732286], [-116.3714907, 43.673173], [-116.3713959, 43.6731225], [-116.3712298, 43.6730687], [-116.3711438, 43.6730255], [-116.3710229, 43.6729915], [-116.370952, 43.6729469], [-116.3708702, 43.6729405], [-116.3706985, 43.672998], [-116.3706038, 43.6730244], [-116.370516, 43.6729968], [-116.3704969, 43.6729565], [-116.3705203, 43.6728779], [-116.3706408, 43.6728305], [-116.3706985, 43.6728082], [-116.3707763, 43.6727927], [-116.3708836, 43.6727675], [-116.3710257, 43.6727714], [-116.3711733, 43.6727617], [-116.3712175, 43.6727542], [-116.3712597, 43.672739], [-116.3712835, 43.6727029], [-116.3713959, 43.6726006], [-116.3714911, 43.6725356], [-116.3715152, 43.6724619], [-116.371526, 43.6724542], [-116.3715913, 43.6724227], [-116.3716577, 43.6724257], [-116.3717097, 43.6724357], [-116.3717647, 43.67246], [-116.3718609, 43.672551], [-116.3719256, 43.6726482], [-116.3720973, 43.6727956]]]}}, {"type": "Feature", "properties": {"osm_type": "way", "osm_id": 801673006, "golf": "green", "leisure": null, "feature_type": "green", "hole_number": null, "name": null, "par": null, "handicap": null, "ref": null, "tee": null, "surface": "grass", "source": "openstreetmap"}, "geometry": {"type": "Polygon", "coordinates": [[[-116.3657083, 43.6724173], [-116.3656976, 43.6724279], [-116.365688, 43.6724389], [-116.36568, 43.672451], [-116.3656754, 43.672464], [-116.365675, 43.6724802], [-116.3656781, 43.6724957], [-116.3656861, 43.6725102], [-116.3656971, 43.6725231], [-116.3657095, 43.6725309], [-116.3657218, 43.6725387], [-116.3657542, 43.6725459], [-116.3657989, 43.6725479], [-116.3658213, 43.6725488], [-116.3658442, 43.6725518], [-116.3658805, 43.672567], [-116.3658984, 43.6725757], [-116.3659113, 43.6725859], [-116.3659329, 43.6726005], [-116.3659479, 43.6726086], [-116.3659648, 43.6726157], [-116.3659812, 43.6726202], [-116.3659997, 43.6726236], [-116.3660392, 43.6726268], [-116.3660577, 43.6726258], [-116.3660756, 43.6726218], [-116.3660927, 43.6726145], [-116.3661074, 43.6726063], [-116.3661135, 43.6726007], [-116.3661178, 43.6725934], [-116.3661212, 43.6725789], [-116.3661179, 43.6725635], [-116.3661082, 43.6725504], [-116.3660891, 43.6725349], [-116.3660659, 43.6725212], [-116.3660312, 43.6724781], [-116.3660051, 43.6724561], [-116.3659395, 43.6724341], [-116.3658936, 43.6724106], [-116.3658336, 43.6724095], [-116.3658161, 43.6724108], [-116.3657986, 43.6724062], [-116.3657857, 43.6723995], [-116.365776, 43.6723979], [-116.3657658, 43.6723983], [-116.3657526, 43.6723982], [-116.3657407, 43.6724003], [-116.3657205, 43.6724082], [-116.3657083, 43.6724173]]]}}, {"type": "Feature", "properties": {"osm_type": "way", "osm_id": 801673007, "golf": "hole", "leisure": null, "feature_type": "hole", "hole_number": 10, "name": null, "par": "4", "handicap": "3", "ref": "10", "tee": null, "surface": null, "source": "openstreetmap"}, "geometry": {"type": "LineString", "coordinates": [[-116.3614596, 43.6715778], [-116.3643188, 43.6723189], [-116.3659067, 43.6724974]]}}, {"type": "Feature", "properties": {"osm_type": "way", "osm_id": 802668567, "golf": "bunker", "leisure": null, "feature_type": "bunker", "hole_number": null, "name": null, "par": null, "handicap": null, "ref": null, "tee": null, "surface": null, "source": "openstreetmap"}, "geometry": {"type": "Polygon", "coordinates": [[[-116.3658517, 43.6726701], [-116.3658622, 43.6726672], [-116.3658739, 43.6726617], [-116.3658844, 43.672652], [-116.3658908, 43.6726397], [-116.3658879, 43.6726308], [-116.3658826, 43.6726228], [-116.3658786, 43.6726144], [-116.3658786, 43.6726076], [-116.3658739, 43.6726013], [-116.3658669, 43.672592], [-116.3658552, 43.6725852], [-116.3658359, 43.6725806], [-116.3658178, 43.6725823], [-116.3658073, 43.6725836], [-116.3658009, 43.6725819], [-116.3657857, 43.6725768], [-116.3657735, 43.6725726], [-116.3657606, 43.6725722], [-116.3657478, 43.6725755], [-116.3657338, 43.6725836], [-116.3657285, 43.6725954], [-116.3657303, 43.6726076], [-116.3657361, 43.6726169], [-116.3657449, 43.6726228], [-116.3657565, 43.6726275], [-116.3657682, 43.67263], [-116.3657816, 43.6726368], [-116.365791, 43.6726456], [-116.3658027, 43.672657], [-116.3658126, 43.6726638], [-116.3658219, 43.6726676], [-116.3658377, 43.672671], [-116.3658456, 43.6726708], [-116.3658485, 43.6726706], [-116.3658517, 43.6726701]]]}}, {"type": "Feature", "properties": {"osm_type": "way", "osm_id": 802668568, "golf": "bunker", "leisure": null, "feature_type": "bunker", "hole_number": null, "name": null, "par": null, "handicap": null, "ref": null, "tee": null, "surface": null, "source": "openstreetmap"}, "geometry": {"type": "Polygon", "coordinates": [[[-116.3660139, 43.6724258], [-116.3660207, 43.6724251], [-116.366031, 43.6724224], [-116.3660398, 43.6724209], [-116.3660545, 43.6724171], [-116.3660646, 43.6724168], [-116.366077, 43.6724192], [-116.3660958, 43.6724234], [-116.3661061, 43.6724251], [-116.3661202, 43.6724255], [-116.366138, 43.6724236], [-116.3661497, 43.672419], [-116.3661578, 43.6724122], [-116.3661625, 43.6724032], [-116.3661625, 43.6723918], [-116.3661578, 43.6723831], [-116.3661501, 43.672377], [-116.3661427, 43.6723732], [-116.366138, 43.6723707], [-116.3661283, 43.6723681], [-116.3661152, 43.6723671], [-116.3661045, 43.6723681], [-116.3660927, 43.6723695], [-116.3660817, 43.6723707], [-116.3660726, 43.6723727], [-116.3660619, 43.6723724], [-116.3660498, 43.6723703], [-116.3660371, 43.6723705], [-116.366016, 43.6723724], [-116.3660046, 43.6723763], [-116.3659948, 43.6723824], [-116.3659865, 43.6723901], [-116.3659838, 43.6723986], [-116.3659841, 43.6724074], [-116.3659925, 43.6724168], [-116.3660025, 43.6724236], [-116.3660086, 43.6724253], [-116.3660139, 43.6724258]]]}}, {"type": "Feature", "properties": {"osm_type": "way", "osm_id": 802668569, "golf": "bunker", "leisure": null, "feature_type": "bunker", "hole_number": null, "name": null, "par": null, "handicap": null, "ref": null, "tee": null, "surface": null, "source": "openstreetmap"}, "geometry": {"type": "Polygon", "coordinates": [[[-116.365626, 43.6724238], [-116.3656327, 43.6724241], [-116.3656408, 43.6724224], [-116.3656495, 43.6724185], [-116.3656542, 43.6724144], [-116.3656592, 43.6724098], [-116.3656659, 43.6724047], [-116.3656696, 43.6723989], [-116.365672, 43.672394], [-116.365672, 43.6723897], [-116.3656653, 43.6723843], [-116.3656575, 43.6723792], [-116.3656485, 43.6723756], [-116.3656401, 43.6723739], [-116.3656284, 43.672371], [-116.365618, 43.67237], [-116.3656079, 43.6723695], [-116.3655925, 43.6723688], [-116.3655808, 43.672369], [-116.3655741, 43.672371], [-116.3655613, 43.6723739], [-116.3655539, 43.672379], [-116.3655469, 43.672385], [-116.3655446, 43.6723928], [-116.3655419, 43.6723994], [-116.3655419, 43.6724083], [-116.3655439, 43.6724132], [-116.3655499, 43.6724188], [-116.3655583, 43.6724224], [-116.3655664, 43.6724231], [-116.3655727, 43.6724231], [-116.3655835, 43.67242], [-116.3655912, 43.672419], [-116.3656019, 43.672418], [-116.3656113, 43.6724197], [-116.365618, 43.6724224], [-116.365626, 43.6724238]]]}}, {"type": "Feature", "properties": {"osm_type": "way", "osm_id": 802668570, "golf": "water_hazard", "leisure": null, "feature_type": "water_hazard", "hole_number": null, "name": null, "par": null, "handicap": null, "ref": null, "tee": null, "surface": null, "source": "openstreetmap"}, "geometry": {"type": "Polygon", "coordinates": [[[-116.3629037, 43.6723642], [-116.3628783, 43.6723789], [-116.3628529, 43.6723914], [-116.3628224, 43.672401], [-116.3627676, 43.6724083], [-116.3627056, 43.6724164], [-116.3626405, 43.6724186], [-116.3625978, 43.6724252], [-116.3625633, 43.6724252], [-116.3625389, 43.6724318], [-116.3625033, 43.6724267], [-116.3624576, 43.6724061], [-116.3624159, 43.6723848], [-116.3623712, 43.6723568], [-116.3623325, 43.6723333], [-116.3622594, 43.6722569], [-116.3621882, 43.6721834], [-116.3621679, 43.6721407], [-116.3621435, 43.6721062], [-116.3621119, 43.6720841], [-116.3620764, 43.6720687], [-116.3620022, 43.6720393], [-116.3619259, 43.6720172], [-116.3618487, 43.6719922], [-116.3617958, 43.6719746], [-116.3617196, 43.6719511], [-116.3616525, 43.671929], [-116.3616058, 43.6719172], [-116.3614981, 43.6719084], [-116.3614482, 43.6719128], [-116.361311, 43.6719238], [-116.361247, 43.6719327], [-116.3612206, 43.6719386], [-116.361182, 43.6719386], [-116.3610366, 43.6718768], [-116.3610277, 43.6718294], [-116.3610529, 43.6717893], [-116.3610885, 43.671757], [-116.361125, 43.6717401], [-116.361184, 43.6717312], [-116.361244, 43.6717261], [-116.3612846, 43.6717217], [-116.3613151, 43.6717195], [-116.3613517, 43.6717239], [-116.3613984, 43.6717349], [-116.3614889, 43.6717864], [-116.3615123, 43.6718018], [-116.3615367, 43.6718202], [-116.3615519, 43.6718342], [-116.3615844, 43.6718562], [-116.3616271, 43.6718636], [-116.3616922, 43.6718761], [-116.3617369, 43.6718849], [-116.3617836, 43.6718981], [-116.3618243, 43.6719069], [-116.3618914, 43.6719261], [-116.3619361, 43.6719363], [-116.3619869, 43.6719496], [-116.3620306, 43.6719621], [-116.3620794, 43.6719702], [-116.3621109, 43.6719746], [-116.362176, 43.6719996], [-116.3622207, 43.6720113], [-116.3622552, 43.6720268], [-116.3623447, 43.6720297], [-116.3623823, 43.6720231], [-116.3624046, 43.6720231], [-116.3624179, 43.6720224], [-116.3625144, 43.6720459], [-116.3625144, 43.6720606], [-116.3625347, 43.6720937], [-116.3625927, 43.6721179], [-116.3626638, 43.6721466], [-116.3627289, 43.672176], [-116.3627888, 43.6722032], [-116.3628468, 43.67224], [-116.3628803, 43.672273], [-116.3629077, 43.6723039], [-116.362922, 43.6723274], [-116.362921, 43.6723407], [-116.3629037, 43.6723642]]]}}, {"type": "Feature", "properties": {"osm_type": "way", "osm_id": 802668571, "golf": "tee", "leisure": null, "feature_type": "tee", "hole_number": null, "name": null, "par": null, "handicap": null, "ref": null, "tee": null, "surface": "grass", "source": "openstreetmap"}, "geometry": {"type": "Polygon", "coordinates": [[[-116.3614973, 43.6716331], [-116.3614084, 43.6716077], [-116.361447, 43.6715375], [-116.3615375, 43.6715614], [-116.3614973, 43.6716331]]]}}, {"type": "Feature", "properties": {"osm_type": "way", "osm_id": 802668572, "golf": "tee", "leisure": null, "feature_type": "tee", "hole_number": null, "name": null, "par": null, "handicap": null, "ref": null, "tee": null, "surface": "grass", "source": "openstreetmap"}, "geometry": {"type": "Polygon", "coordinates": [[[-116.3617473, 43.6717937], [-116.3616314, 43.6717623], [-116.3616987, 43.6716266], [-116.361819, 43.6716529], [-116.3617473, 43.6717937]]]}}, {"type": "Feature", "properties": {"osm_type": "way", "osm_id": 802668573, "golf": "tee", "leisure": null, "feature_type": "tee", "hole_number": null, "name": null, "par": null, "handicap": null, "ref": null, "tee": null, "surface": "grass", "source": "openstreetmap"}, "geometry": {"type": "Polygon", "coordinates": [[[-116.3618951, 43.6718468], [-116.3617942, 43.6718276], [-116.3618694, 43.6716356], [-116.3619729, 43.6716548], [-116.3618951, 43.6718468]]]}}, {"type": "Feature", "properties": {"osm_type": "way", "osm_id": 802668574, "golf": "tee", "leisure": null, "feature_type": "tee", "hole_number": null, "name": null, "par": null, "handicap": null, "ref": null, "tee": null, "surface": "grass", "source": "openstreetmap"}, "geometry": {"type": "Polygon", "coordinates": [[[-116.3623047, 43.671946], [-116.3621658, 43.6719159], [-116.3622092, 43.6718001], [-116.3623499, 43.6718269], [-116.3623047, 43.671946]]]}}, {"type": "Feature", "properties": {"osm_type": "way", "osm_id": 893486072, "golf": "clubhouse", "leisure": null, "feature_type": "clubhouse", "hole_number": null, "name": "Banbury Golf Club", "par": null, "handicap": null, "ref": null, "tee": null, "surface": null, "source": "openstreetmap"}, "geometry": {"type": "Polygon", "coordinates": [[[-116.361089, 43.671248], [-116.36141, 43.671325], [-116.361514, 43.671097], [-116.361456, 43.671084], [-116.361564, 43.670848], [-116.361502, 43.670833], [-116.361492, 43.670854], [-116.361381, 43.670827], [-116.361341, 43.670913], [-116.361255, 43.670892], [-116.361219, 43.670969], [-116.361193, 43.670962], [-116.361157, 43.671041], [-116.361106, 43.671029], [-116.361063, 43.671123], [-116.361137, 43.671141], [-116.361089, 43.671248]]]}}, {"type": "Feature", "properties": {"osm_type": "way", "osm_id": 943366749, "golf": "water_hazard", "leisure": null, "feature_type": "water_hazard", "hole_number": null, "name": null, "par": null, "handicap": null, "ref": null, "tee": null, "surface": null, "source": "openstreetmap"}, "geometry": {"type": "Polygon", "coordinates": [[[-116.3607926, 43.6703468], [-116.3607289, 43.6703119], [-116.3606787, 43.6702777], [-116.360586, 43.6702533], [-116.360473, 43.6702575], [-116.3603678, 43.6703077], [-116.3602935, 43.6703608], [-116.3602394, 43.6703741], [-116.3601341, 43.6703524], [-116.3599961, 43.6702728], [-116.359858, 43.6702588], [-116.3595548, 43.6702114], [-116.3593463, 43.6702044], [-116.3591319, 43.67021], [-116.3589668, 43.6701946], [-116.3588548, 43.6701646], [-116.3587814, 43.6701269], [-116.3585642, 43.670071], [-116.3583614, 43.670043], [-116.3579289, 43.6699767], [-116.3577145, 43.669999], [-116.3575909, 43.6700333], [-116.3572375, 43.6700933], [-116.357113, 43.6700836], [-116.3569855, 43.6700305], [-116.3568311, 43.6699222], [-116.3568011, 43.6698691], [-116.3566225, 43.6697441], [-116.3565549, 43.669617], [-116.3565588, 43.6695912], [-116.3565935, 43.6695828], [-116.356776, 43.6695912], [-116.3569488, 43.6696289], [-116.3571555, 43.6696862], [-116.3572916, 43.669742], [-116.3574586, 43.6697749], [-116.3578758, 43.6697916], [-116.3582098, 43.6698377], [-116.3583807, 43.6698845], [-116.3586665, 43.6699285], [-116.3589195, 43.6699942], [-116.3591271, 43.6700214], [-116.3595037, 43.6700186], [-116.359998, 43.6700626], [-116.3603263, 43.6700563], [-116.3604634, 43.6700954], [-116.3606584, 43.670101], [-116.3607782, 43.6701317], [-116.3608573, 43.670196], [-116.3608921, 43.6702568], [-116.3608805, 43.6703063], [-116.3608438, 43.6703406], [-116.3607926, 43.6703468]]]}}, {"type": "Feature", "properties": {"osm_type": "way", "osm_id": 943366750, "golf": "water_hazard", "leisure": null, "feature_type": "water_hazard", "hole_number": null, "name": null, "par": null, "handicap": null, "ref": null, "tee": null, "surface": null, "source": "openstreetmap"}, "geometry": {"type": "Polygon", "coordinates": [[[-116.3557864, 43.6683583], [-116.3557097, 43.6683018], [-116.3556952, 43.6682763], [-116.3556975, 43.6682558], [-116.3557228, 43.6682319], [-116.3557565, 43.6682281], [-116.3561197, 43.6684459], [-116.3561389, 43.668488], [-116.356099, 43.6685407], [-116.3560178, 43.6685784], [-116.355266, 43.6685656], [-116.3551227, 43.6686444], [-116.3550698, 43.6687541], [-116.3550308, 43.668819], [-116.3549664, 43.6688428], [-116.3548928, 43.6688378], [-116.3548185, 43.6688107], [-116.3547832, 43.6687785], [-116.3547832, 43.6687441], [-116.3548407, 43.6685629], [-116.3548254, 43.6685124], [-116.3548376, 43.6684332], [-116.3548269, 43.6679282], [-116.3548905, 43.6678007], [-116.354961, 43.6677497], [-116.3549763, 43.667707], [-116.3549756, 43.6676299], [-116.3550384, 43.6673705], [-116.35504, 43.6673234], [-116.3550116, 43.6672679], [-116.3550062, 43.6670634], [-116.3550331, 43.6670174], [-116.3550691, 43.6670041], [-116.3551396, 43.667003], [-116.3552277, 43.6670517], [-116.3552752, 43.6671399], [-116.3553894, 43.6672374], [-116.3554699, 43.6673699], [-116.3554768, 43.6674481], [-116.3554561, 43.6675168], [-116.3553626, 43.6675872], [-116.3551725, 43.6676782], [-116.355138, 43.6677452], [-116.3550047, 43.6679121], [-116.3549541, 43.6680451], [-116.3549258, 43.668161], [-116.354974, 43.6682718], [-116.3550423, 43.6683772], [-116.3552791, 43.6684991], [-116.355322, 43.6684975], [-116.3553702, 43.6684792], [-116.3554921, 43.6684781], [-116.3555611, 43.6684969], [-116.3556431, 43.6684941], [-116.3557274, 43.6684897], [-116.3557534, 43.6684675], [-116.3557864, 43.6683583]]]}}, {"type": "Feature", "properties": {"osm_type": "way", "osm_id": 1157517949, "golf": "tee", "leisure": null, "feature_type": "tee", "hole_number": null, "name": null, "par": null, "handicap": null, "ref": null, "tee": "black", "surface": "grass", "source": "openstreetmap"}, "geometry": {"type": "Polygon", "coordinates": [[[-116.3620334, 43.6705248], [-116.3618855, 43.6705097], [-116.3618946, 43.6704264], [-116.3620483, 43.6704425], [-116.3620334, 43.6705248]]]}}, {"type": "Feature", "properties": {"osm_type": "way", "osm_id": 1157517950, "golf": "tee", "leisure": null, "feature_type": "tee", "hole_number": null, "name": null, "par": null, "handicap": null, "ref": null, "tee": "blue", "surface": "grass", "source": "openstreetmap"}, "geometry": {"type": "Polygon", "coordinates": [[[-116.3628493, 43.670553], [-116.3626171, 43.6705239], [-116.3626302, 43.6704583], [-116.3628677, 43.6704861], [-116.3628493, 43.670553]]]}}, {"type": "Feature", "properties": {"osm_type": "way", "osm_id": 1157517951, "golf": "tee", "leisure": null, "feature_type": "tee", "hole_number": null, "name": null, "par": null, "handicap": null, "ref": null, "tee": "white", "surface": "grass", "source": "openstreetmap"}, "geometry": {"type": "Polygon", "coordinates": [[[-116.3632421, 43.6706033], [-116.3632519, 43.6705635], [-116.3631052, 43.6705432], [-116.3630959, 43.6705825], [-116.3632421, 43.6706033]]]}}, {"type": "Feature", "properties": {"osm_type": "way", "osm_id": 1157517952, "golf": "hole", "leisure": null, "feature_type": "hole", "hole_number": 1, "name": null, "par": "4", "handicap": "16", "ref": "1", "tee": null, "surface": null, "source": "openstreetmap"}, "geometry": {"type": "LineString", "coordinates": [[-116.3619657, 43.6704789], [-116.3627538, 43.6705093], [-116.3631803, 43.6705754], [-116.365449, 43.6707959], [-116.3664673, 43.6709252]]}}, {"type": "Feature", "properties": {"osm_type": "way", "osm_id": 1247377554, "golf": "out_of_bounds", "leisure": null, "feature_type": "out_of_bounds", "hole_number": null, "name": "Streamside", "par": null, "handicap": null, "ref": null, "tee": null, "surface": null, "source": "openstreetmap"}, "geometry": {"type": "Polygon", "coordinates": [[[-116.3593688, 43.6756069], [-116.3594162, 43.6732693], [-116.360064, 43.6731828], [-116.361566, 43.673499], [-116.3632719, 43.6736174], [-116.3646274, 43.6737875], [-116.3663884, 43.6739439], [-116.3680258, 43.6745472], [-116.3702399, 43.6754336], [-116.3706934, 43.6762003], [-116.3686269, 43.6755001], [-116.3658911, 43.6758532], [-116.3644641, 43.6754768], [-116.3622111, 43.6751044], [-116.3613635, 43.675116], [-116.36032, 43.6752764], [-116.3593688, 43.6756069]]]}}, {"type": "Feature", "properties": {"osm_type": "way", "osm_id": 1247729648, "golf": "tee", "leisure": null, "feature_type": "tee", "hole_number": null, "name": null, "par": null, "handicap": null, "ref": null, "tee": null, "surface": null, "source": "openstreetmap"}, "geometry": {"type": "Polygon", "coordinates": [[[-116.3551304, 43.6663662], [-116.3551261, 43.666313], [-116.3550397, 43.6663191], [-116.3550313, 43.6663693], [-116.3551304, 43.6663662]]]}}, {"type": "Feature", "properties": {"osm_type": "way", "osm_id": 1247729649, "golf": "tee", "leisure": null, "feature_type": "tee", "hole_number": null, "name": null, "par": null, "handicap": null, "ref": null, "tee": null, "surface": null, "source": "openstreetmap"}, "geometry": {"type": "Polygon", "coordinates": [[[-116.3551997, 43.6664901], [-116.3551926, 43.6664297], [-116.3549619, 43.6664328], [-116.3549619, 43.6664942], [-116.3551997, 43.6664901]]]}}, {"type": "Feature", "properties": {"osm_type": "way", "osm_id": 1247729650, "golf": "tee", "leisure": null, "feature_type": "tee", "hole_number": null, "name": null, "par": null, "handicap": null, "ref": null, "tee": null, "surface": null, "source": "openstreetmap"}, "geometry": {"type": "Polygon", "coordinates": [[[-116.3552337, 43.6666202], [-116.3552337, 43.6665434], [-116.35501, 43.6665424], [-116.35501, 43.6666212], [-116.3552337, 43.6666202]]]}}, {"type": "Feature", "properties": {"osm_type": "way", "osm_id": 1247729651, "golf": "tee", "leisure": null, "feature_type": "tee", "hole_number": null, "name": null, "par": null, "handicap": null, "ref": null, "tee": null, "surface": null, "source": "openstreetmap"}, "geometry": {"type": "Polygon", "coordinates": [[[-116.3553866, 43.6669899], [-116.355388, 43.6669141], [-116.3552011, 43.6668967], [-116.3551912, 43.6669735], [-116.3553866, 43.6669899]]]}}, {"type": "Feature", "properties": {"osm_type": "way", "osm_id": 1247729652, "golf": "tee", "leisure": null, "feature_type": "tee", "hole_number": null, "name": null, "par": null, "handicap": null, "ref": null, "tee": null, "surface": null, "source": "openstreetmap"}, "geometry": {"type": "Polygon", "coordinates": [[[-116.3554418, 43.6671373], [-116.3554503, 43.6670749], [-116.3553144, 43.6670585], [-116.3553045, 43.667123], [-116.3554418, 43.6671373]]]}}, {"type": "Feature", "properties": {"osm_type": "way", "osm_id": 1247729653, "golf": "fairway", "leisure": null, "feature_type": "fairway", "hole_number": null, "name": null, "par": null, "handicap": null, "ref": null, "tee": null, "surface": null, "source": "openstreetmap"}, "geometry": {"type": "Polygon", "coordinates": [[[-116.3555128, 43.6675941], [-116.3554802, 43.6675968], [-116.3553594, 43.6676449], [-116.3552633, 43.667681], [-116.3552232, 43.6677051], [-116.3551887, 43.6677403], [-116.3551739, 43.6677711], [-116.3551708, 43.6678027], [-116.3551739, 43.6678219], [-116.3552053, 43.6678455], [-116.3552429, 43.6678785], [-116.3552522, 43.6679075], [-116.3552497, 43.667928], [-116.3552288, 43.6679703], [-116.3552497, 43.6679561], [-116.3552707, 43.6679503], [-116.3552978, 43.6679494], [-116.3553218, 43.6679587], [-116.355352, 43.6679757], [-116.355368, 43.6679859], [-116.3553871, 43.6680122], [-116.3553908, 43.6680292], [-116.3553877, 43.6680448], [-116.3553803, 43.6680621], [-116.3554266, 43.6680341], [-116.3555079, 43.6679993], [-116.3555664, 43.6679601], [-116.3556188, 43.6679151], [-116.3556533, 43.6678642], [-116.3556564, 43.6678099], [-116.3556509, 43.6677408], [-116.3556367, 43.6676735], [-116.3556194, 43.6676454], [-116.3555985, 43.6676209], [-116.3555652, 43.6676044], [-116.3555381, 43.6675955], [-116.3555128, 43.6675941]]]}}, {"type": "Feature", "properties": {"osm_type": "way", "osm_id": 1247729654, "golf": "green", "leisure": null, "feature_type": "green", "hole_number": null, "name": null, "par": null, "handicap": null, "ref": null, "tee": null, "surface": null, "source": "openstreetmap"}, "geometry": {"type": "Polygon", "coordinates": [[[-116.3552288, 43.6679703], [-116.3552171, 43.6679917], [-116.3552041, 43.6680176], [-116.3551936, 43.6680501], [-116.3551856, 43.6680804], [-116.3551758, 43.6681032], [-116.3551653, 43.6681201], [-116.3551462, 43.6681344], [-116.355132, 43.6681486], [-116.3551271, 43.6681682], [-116.3551314, 43.6681914], [-116.3551597, 43.6682266], [-116.3551819, 43.6682547], [-116.355193, 43.668281], [-116.3552109, 43.6682984], [-116.3552343, 43.6683091], [-116.3552645, 43.668314], [-116.3552972, 43.6683118], [-116.3553169, 43.6683006], [-116.3553483, 43.6682774], [-116.3553649, 43.6682641], [-116.3553736, 43.6682525], [-116.3553754, 43.6682427], [-116.3553711, 43.6682293], [-116.3553569, 43.668211], [-116.3553421, 43.6681843], [-116.355336, 43.6681566], [-116.3553378, 43.668121], [-116.3553545, 43.6680974], [-116.3553693, 43.6680764], [-116.3553803, 43.6680621], [-116.3553877, 43.6680448], [-116.3553908, 43.6680292], [-116.3553871, 43.6680122], [-116.355368, 43.6679859], [-116.355352, 43.6679757], [-116.3553218, 43.6679587], [-116.3552978, 43.6679494], [-116.3552707, 43.6679503], [-116.3552497, 43.6679561], [-116.3552288, 43.6679703]]]}}, {"type": "Feature", "properties": {"osm_type": "way", "osm_id": 1247729655, "golf": "bunker", "leisure": null, "feature_type": "bunker", "hole_number": null, "name": null, "par": null, "handicap": null, "ref": null, "tee": null, "surface": null, "source": "openstreetmap"}, "geometry": {"type": "Polygon", "coordinates": [[[-116.3554358, 43.6680604], [-116.3554315, 43.6680795], [-116.3554167, 43.6680969], [-116.3553951, 43.6681134], [-116.3553921, 43.6681308], [-116.3553927, 43.6681531], [-116.3554044, 43.6681647], [-116.3554253, 43.6681705], [-116.3554494, 43.6681682], [-116.3554648, 43.668158], [-116.3554839, 43.6681415], [-116.3554931, 43.6681295], [-116.355495, 43.6681156], [-116.3554863, 43.6680987], [-116.3554709, 43.6680809], [-116.3554654, 43.668072], [-116.3554506, 43.6680604], [-116.3554358, 43.6680604]]]}}, {"type": "Feature", "properties": {"osm_type": "way", "osm_id": 1247729656, "golf": "bunker", "leisure": null, "feature_type": "bunker", "hole_number": null, "name": null, "par": null, "handicap": null, "ref": null, "tee": null, "surface": null, "source": "openstreetmap"}, "geometry": {"type": "Polygon", "coordinates": [[[-116.3551505, 43.6678781], [-116.355132, 43.6678758], [-116.3551117, 43.6678798], [-116.3550901, 43.6678923], [-116.3550722, 43.6679088], [-116.3550624, 43.6679284], [-116.3550544, 43.6679494], [-116.3550482, 43.6679726], [-116.3550334, 43.6679953], [-116.3550291, 43.6680113], [-116.3550137, 43.6680318], [-116.3549971, 43.6680599], [-116.3549841, 43.6680809], [-116.3549847, 43.6681], [-116.3549891, 43.6681174], [-116.3550008, 43.668125], [-116.3550137, 43.6681237], [-116.3550334, 43.6681165], [-116.3550482, 43.6681085], [-116.3550587, 43.6680983], [-116.3550636, 43.668092], [-116.3550852, 43.6680902], [-116.3550981, 43.6680867], [-116.3551092, 43.6680795], [-116.3551104, 43.6680693], [-116.3551024, 43.6680523], [-116.3551012, 43.6680408], [-116.3551037, 43.6680229], [-116.3551086, 43.668018], [-116.3551185, 43.6680171], [-116.3551382, 43.6680131], [-116.3551511, 43.6680051], [-116.3551573, 43.6679841], [-116.3551505, 43.6679699], [-116.355153, 43.6679561], [-116.3551653, 43.6679405], [-116.3551733, 43.6679284], [-116.3551782, 43.6679101], [-116.3551752, 43.6678972], [-116.3551653, 43.6678856], [-116.3551505, 43.6678781]]]}}, {"type": "Feature", "properties": {"osm_type": "way", "osm_id": 1247729657, "golf": "bunker", "leisure": null, "feature_type": "bunker", "hole_number": null, "name": null, "par": null, "handicap": null, "ref": null, "tee": null, "surface": null, "source": "openstreetmap"}, "geometry": {"type": "Polygon", "coordinates": [[[-116.355026, 43.6681896], [-116.3550192, 43.6682106], [-116.3550254, 43.6682418], [-116.3550328, 43.6682618], [-116.355047, 43.6682721], [-116.3550704, 43.6682774], [-116.3550876, 43.6682734], [-116.3551068, 43.6682574], [-116.3551104, 43.6682445], [-116.355108, 43.6682275], [-116.3550926, 43.6682155], [-116.3550759, 43.6682012], [-116.3550612, 43.6681919], [-116.3550427, 43.6681865], [-116.355026, 43.6681896]]]}}, {"type": "Feature", "properties": {"osm_type": "way", "osm_id": 1247729658, "golf": "tee", "leisure": null, "feature_type": "tee", "hole_number": null, "name": null, "par": null, "handicap": null, "ref": null, "tee": null, "surface": null, "source": "openstreetmap"}, "geometry": {"type": "Polygon", "coordinates": [[[-116.361643, 43.6689367], [-116.3616677, 43.6688731], [-116.3614917, 43.6688273], [-116.361466, 43.6688909], [-116.361643, 43.6689367]]]}}, {"type": "Feature", "properties": {"osm_type": "way", "osm_id": 1247729659, "golf": "tee", "leisure": null, "feature_type": "tee", "hole_number": null, "name": null, "par": null, "handicap": null, "ref": null, "tee": null, "surface": null, "source": "openstreetmap"}, "geometry": {"type": "Polygon", "coordinates": [[[-116.3613179, 43.6688971], [-116.3613458, 43.6688319], [-116.3611119, 43.6687753], [-116.3610808, 43.6688521], [-116.3613179, 43.6688971]]]}}, {"type": "Feature", "properties": {"osm_type": "way", "osm_id": 1247729660, "golf": "tee", "leisure": null, "feature_type": "tee", "hole_number": null, "name": null, "par": null, "handicap": null, "ref": null, "tee": null, "surface": null, "source": "openstreetmap"}, "geometry": {"type": "Polygon", "coordinates": [[[-116.3608695, 43.6687597], [-116.360906, 43.6686635], [-116.3608126, 43.6686426], [-116.3607772, 43.6687419], [-116.3608695, 43.6687597]]]}}, {"type": "Feature", "properties": {"osm_type": "way", "osm_id": 1247729661, "golf": "tee", "leisure": null, "feature_type": "tee", "hole_number": null, "name": null, "par": null, "handicap": null, "ref": null, "tee": null, "surface": null, "source": "openstreetmap"}, "geometry": {"type": "Polygon", "coordinates": [[[-116.3604189, 43.6686705], [-116.3604693, 43.6685603], [-116.3603824, 43.6685355], [-116.3603298, 43.6686503], [-116.3604189, 43.6686705]]]}}, {"type": "Feature", "properties": {"osm_type": "way", "osm_id": 1247729663, "golf": "green", "leisure": null, "feature_type": "green", "hole_number": null, "name": null, "par": null, "handicap": null, "ref": null, "tee": null, "surface": null, "source": "openstreetmap"}, "geometry": {"type": "Polygon", "coordinates": [[[-116.3573688, 43.6677492], [-116.3573819, 43.6677357], [-116.3573879, 43.6677171], [-116.3573847, 43.6676887], [-116.3573734, 43.6676627], [-116.3573492, 43.667631], [-116.3573286, 43.6676029], [-116.3573029, 43.6675691], [-116.3572842, 43.6675394], [-116.3572758, 43.6675164], [-116.3572702, 43.6674911], [-116.3572749, 43.6674641], [-116.3572786, 43.6674435], [-116.3572758, 43.6674212], [-116.3572642, 43.667405], [-116.3572455, 43.6673945], [-116.3572189, 43.6673864], [-116.3571908, 43.667385], [-116.3571572, 43.6673867], [-116.3571269, 43.6673989], [-116.3571068, 43.6674161], [-116.3570942, 43.6674421], [-116.357089, 43.6674739], [-116.3570876, 43.6675094], [-116.357089, 43.6675469], [-116.3571003, 43.6675793], [-116.3571138, 43.6675985], [-116.3571516, 43.66763], [-116.3571754, 43.6676539], [-116.3571979, 43.6676837], [-116.3572231, 43.6677215], [-116.3572464, 43.667738], [-116.3572758, 43.6677492], [-116.3573057, 43.6677624], [-116.3573281, 43.6677641], [-116.357345, 43.6677617], [-116.3573688, 43.6677492]]]}}, {"type": "Feature", "properties": {"osm_type": "way", "osm_id": 1247729664, "golf": "bunker", "leisure": null, "feature_type": "bunker", "hole_number": null, "name": null, "par": null, "handicap": null, "ref": null, "tee": null, "surface": null, "source": "openstreetmap"}, "geometry": {"type": "Polygon", "coordinates": [[[-116.3575347, 43.6677369], [-116.3575443, 43.6677313], [-116.3575429, 43.6677182], [-116.3575379, 43.6677052], [-116.3575248, 43.667698], [-116.3575174, 43.6676896], [-116.357517, 43.6676727], [-116.3575138, 43.6676606], [-116.3575071, 43.667653], [-116.3574884, 43.6676463], [-116.3574622, 43.6676394], [-116.3574395, 43.6676391], [-116.3574211, 43.6676453], [-116.3574172, 43.6676522], [-116.3574179, 43.6676609], [-116.3574282, 43.6676727], [-116.3574402, 43.6676855], [-116.3574459, 43.6676965], [-116.3574473, 43.6677095], [-116.3574469, 43.6677254], [-116.3574501, 43.6677341], [-116.3574569, 43.6677423], [-116.3574689, 43.6677472], [-116.3574823, 43.6677495], [-116.357493, 43.6677469], [-116.3575011, 43.6677418], [-116.3575145, 43.6677392], [-116.3575248, 43.667739], [-116.3575347, 43.6677369]]]}}, {"type": "Feature", "properties": {"osm_type": "way", "osm_id": 1247729665, "golf": "bunker", "leisure": null, "feature_type": "bunker", "hole_number": null, "name": null, "par": null, "handicap": null, "ref": null, "tee": null, "surface": null, "source": "openstreetmap"}, "geometry": {"type": "Polygon", "coordinates": [[[-116.3574999, 43.6675835], [-116.3575052, 43.6675723], [-116.3575016, 43.6675636], [-116.3574882, 43.6675536], [-116.3574684, 43.6675456], [-116.3574489, 43.6675415], [-116.3574341, 43.6675369], [-116.3574224, 43.667529], [-116.3574061, 43.6675154], [-116.357387, 43.6674985], [-116.3573711, 43.6674903], [-116.3573544, 43.6674903], [-116.3573406, 43.6674944], [-116.3573335, 43.6675019], [-116.3573296, 43.6675106], [-116.3573311, 43.6675188], [-116.3573378, 43.6675282], [-116.3573449, 43.6675369], [-116.3573509, 43.6675508], [-116.3573544, 43.6675646], [-116.3573608, 43.667571], [-116.3573749, 43.6675794], [-116.3573898, 43.667583], [-116.3573983, 43.6675874], [-116.3574089, 43.6675953], [-116.3574245, 43.6676004], [-116.3574415, 43.6676017], [-116.3574602, 43.667602], [-116.3574847, 43.667594], [-116.3574999, 43.6675835]]]}}, {"type": "Feature", "properties": {"osm_type": "way", "osm_id": 1247729666, "golf": "tee", "leisure": null, "feature_type": "tee", "hole_number": null, "name": null, "par": null, "handicap": null, "ref": null, "tee": null, "surface": null, "source": "openstreetmap"}, "geometry": {"type": "Polygon", "coordinates": [[[-116.3661643, 43.6695195], [-116.3661935, 43.6694501], [-116.3660829, 43.6694266], [-116.3660553, 43.6695019], [-116.3661643, 43.6695195]]]}}, {"type": "Feature", "properties": {"osm_type": "way", "osm_id": 1247729667, "golf": "tee", "leisure": null, "feature_type": "tee", "hole_number": null, "name": null, "par": null, "handicap": null, "ref": null, "tee": null, "surface": null, "source": "openstreetmap"}, "geometry": {"type": "Polygon", "coordinates": [[[-116.3655365, 43.6693995], [-116.3655577, 43.6693407], [-116.3654552, 43.6693172], [-116.3654308, 43.6693807], [-116.3655365, 43.6693995]]]}}, {"type": "Feature", "properties": {"osm_type": "way", "osm_id": 1247729668, "golf": "tee", "leisure": null, "feature_type": "tee", "hole_number": null, "name": null, "par": null, "handicap": null, "ref": null, "tee": null, "surface": null, "source": "openstreetmap"}, "geometry": {"type": "Polygon", "coordinates": [[[-116.3651576, 43.6693431], [-116.3651869, 43.6692807], [-116.3649706, 43.6692243], [-116.3649414, 43.6692937], [-116.3651576, 43.6693431]]]}}, {"type": "Feature", "properties": {"osm_type": "way", "osm_id": 1247729669, "golf": "tee", "leisure": null, "feature_type": "tee", "hole_number": null, "name": null, "par": null, "handicap": null, "ref": null, "tee": null, "surface": null, "source": "openstreetmap"}, "geometry": {"type": "Polygon", "coordinates": [[[-116.3647755, 43.6692854], [-116.3648324, 43.6691584], [-116.36473, 43.6691302], [-116.3646698, 43.6692607], [-116.3647755, 43.6692854]]]}}, {"type": "Feature", "properties": {"osm_type": "way", "osm_id": 1247729670, "golf": "tee", "leisure": null, "feature_type": "tee", "hole_number": null, "name": null, "par": null, "handicap": null, "ref": null, "tee": null, "surface": null, "source": "openstreetmap"}, "geometry": {"type": "Polygon", "coordinates": [[[-116.3645576, 43.6692101], [-116.364582, 43.6691502], [-116.3644828, 43.6691184], [-116.3644486, 43.6691843], [-116.3645576, 43.6692101]]]}}, {"type": "Feature", "properties": {"osm_type": "way", "osm_id": 1247729671, "golf": "fairway", "leisure": null, "feature_type": "fairway", "hole_number": null, "name": null, "par": null, "handicap": null, "ref": null, "tee": null, "surface": null, "source": "openstreetmap"}, "geometry": {"type": "Polygon", "coordinates": [[[-116.3641559, 43.6691619], [-116.3641819, 43.6691031], [-116.3642193, 43.6690537], [-116.3642226, 43.6690196], [-116.3641234, 43.6689055], [-116.3639868, 43.6687984], [-116.3638908, 43.6687408], [-116.3637282, 43.6686973], [-116.3635981, 43.6686867], [-116.3634664, 43.6686526], [-116.3633493, 43.6685867], [-116.363216, 43.6685067], [-116.3631021, 43.6684326], [-116.3630355, 43.6683926], [-116.3629428, 43.6683644], [-116.3628192, 43.6683491], [-116.3626582, 43.6683385], [-116.3624045, 43.6682985], [-116.3621085, 43.668255], [-116.3618272, 43.668215], [-116.3616223, 43.6681797], [-116.3615071, 43.6681769], [-116.3614153, 43.6681911], [-116.3613789, 43.6682174], [-116.3613407, 43.6682553], [-116.3613068, 43.668274], [-116.3612526, 43.6682776], [-116.361215, 43.6682718], [-116.3611836, 43.6682616], [-116.3611435, 43.6682366], [-116.3611639, 43.6682629], [-116.3611756, 43.6682839], [-116.3611756, 43.6683066], [-116.3611663, 43.6683244], [-116.3611411, 43.6683391], [-116.3611047, 43.6683512], [-116.3610708, 43.6683574], [-116.3610271, 43.6683601], [-116.3610831, 43.6683694], [-116.3611115, 43.6683712], [-116.3611509, 43.668385], [-116.3611904, 43.668402], [-116.3612421, 43.6684238], [-116.3613795, 43.6684559], [-116.3614695, 43.6684671], [-116.3615465, 43.6684791], [-116.3615761, 43.6685125], [-116.3616057, 43.6685486], [-116.3616519, 43.6685669], [-116.3617148, 43.6685829], [-116.3617862, 43.6685887], [-116.3618676, 43.6686003], [-116.3620112, 43.6686427], [-116.3621714, 43.6686881], [-116.3623766, 43.6687416], [-116.3625935, 43.6688005], [-116.3628319, 43.6688606], [-116.3629952, 43.6689034], [-116.3632904, 43.6689712], [-116.3635683, 43.6690443], [-116.3636897, 43.6690831], [-116.3637729, 43.6690991], [-116.3639424, 43.6691468], [-116.3640089, 43.6691664], [-116.3640607, 43.6691753], [-116.3641032, 43.6691793], [-116.3641291, 43.6691744], [-116.3641559, 43.6691619]]]}}, {"type": "Feature", "properties": {"osm_type": "way", "osm_id": 1247729672, "golf": "green", "leisure": null, "feature_type": "green", "hole_number": null, "name": null, "par": null, "handicap": null, "ref": null, "tee": null, "surface": null, "source": "openstreetmap"}, "geometry": {"type": "Polygon", "coordinates": [[[-116.3611435, 43.6682366], [-116.3611215, 43.6682196], [-116.3611024, 43.6682102], [-116.3610716, 43.6682062], [-116.3610266, 43.6681986], [-116.3609853, 43.6681826], [-116.3609545, 43.6681576], [-116.3609206, 43.6681349], [-116.360883, 43.6681135], [-116.3608492, 43.6681024], [-116.3608122, 43.6680975], [-116.3607758, 43.6681028], [-116.3607536, 43.6681126], [-116.360737, 43.6681295], [-116.3607247, 43.6681496], [-116.3607191, 43.6681688], [-116.3607259, 43.6681857], [-116.3607364, 43.6682076], [-116.3607555, 43.6682263], [-116.3607777, 43.6682414], [-116.3608079, 43.668261], [-116.360843, 43.6682749], [-116.3608787, 43.6682833], [-116.3609071, 43.6682922], [-116.3609354, 43.6683114], [-116.3609595, 43.668331], [-116.3609841, 43.6683448], [-116.3610032, 43.6683538], [-116.3610271, 43.6683601], [-116.3610708, 43.6683574], [-116.3611047, 43.6683512], [-116.3611411, 43.6683391], [-116.3611663, 43.6683244], [-116.3611756, 43.6683066], [-116.3611756, 43.6682839], [-116.3611639, 43.6682629], [-116.3611435, 43.6682366]]]}}, {"type": "Feature", "properties": {"osm_type": "way", "osm_id": 1247729673, "golf": "bunker", "leisure": null, "feature_type": "bunker", "hole_number": null, "name": null, "par": null, "handicap": null, "ref": null, "tee": null, "surface": null, "source": "openstreetmap"}, "geometry": {"type": "Polygon", "coordinates": [[[-116.3613026, 43.668252], [-116.3613154, 43.6682448], [-116.3613186, 43.6682353], [-116.3613161, 43.6682259], [-116.3613048, 43.6682136], [-116.3612956, 43.6682005], [-116.3612906, 43.6681895], [-116.3612768, 43.6681795], [-116.361257, 43.6681767], [-116.3612375, 43.6681824], [-116.3612276, 43.6681931], [-116.3612212, 43.6682013], [-116.361211, 43.6682049], [-116.3612, 43.6682082], [-116.3611929, 43.6682195], [-116.3611926, 43.6682307], [-116.361194, 43.6682425], [-116.3611997, 43.6682487], [-116.3612096, 43.6682556], [-116.3612227, 43.6682599], [-116.3612333, 43.6682612], [-116.3612418, 43.6682574], [-116.3612542, 43.6682574], [-116.3612765, 43.6682586], [-116.3612913, 43.6682576], [-116.3613026, 43.668252]]]}}, {"type": "Feature", "properties": {"osm_type": "way", "osm_id": 1247729674, "golf": "bunker", "leisure": null, "feature_type": "bunker", "hole_number": null, "name": null, "par": null, "handicap": null, "ref": null, "tee": null, "surface": null, "source": "openstreetmap"}, "geometry": {"type": "Polygon", "coordinates": [[[-116.3611229, 43.6681637], [-116.3611257, 43.6681534], [-116.3611257, 43.6681432], [-116.3611168, 43.6681347], [-116.3611041, 43.6681281], [-116.3610882, 43.6681232], [-116.3610712, 43.6681237], [-116.3610556, 43.6681278], [-116.3610397, 43.6681304], [-116.3610227, 43.6681355], [-116.361017, 43.6681429], [-116.3610135, 43.6681557], [-116.3610188, 43.6681649], [-116.3610238, 43.6681724], [-116.3610322, 43.6681752], [-116.3610461, 43.6681783], [-116.3610581, 43.6681841], [-116.3610687, 43.6681877], [-116.3610857, 43.6681895], [-116.3610991, 43.6681854], [-116.3611087, 43.668179], [-116.3611161, 43.6681734], [-116.3611229, 43.6681637]]]}}, {"type": "Feature", "properties": {"osm_type": "way", "osm_id": 1247729675, "golf": "bunker", "leisure": null, "feature_type": "bunker", "hole_number": null, "name": null, "par": null, "handicap": null, "ref": null, "tee": null, "surface": null, "source": "openstreetmap"}, "geometry": {"type": "Polygon", "coordinates": [[[-116.3614942, 43.6685627], [-116.3615076, 43.6685545], [-116.3615146, 43.6685456], [-116.3615151, 43.6685359], [-116.3615071, 43.6685278], [-116.3614969, 43.6685266], [-116.3614824, 43.6685184], [-116.3614636, 43.6685087], [-116.3614454, 43.6685029], [-116.3614266, 43.6685033], [-116.3614154, 43.6685118], [-116.3614116, 43.6685223], [-116.3614154, 43.6685324], [-116.3614261, 43.6685429], [-116.3614497, 43.6685553], [-116.3614652, 43.6685631], [-116.3614792, 43.668565], [-116.3614942, 43.6685627]]]}}, {"type": "Feature", "properties": {"osm_type": "way", "osm_id": 1247729676, "golf": "tee", "leisure": null, "feature_type": "tee", "hole_number": null, "name": null, "par": null, "handicap": null, "ref": null, "tee": null, "surface": null, "source": "openstreetmap"}, "geometry": {"type": "Polygon", "coordinates": [[[-116.3676468, 43.6692093], [-116.3676561, 43.6691188], [-116.3675254, 43.6691039], [-116.3675086, 43.6692053], [-116.3676468, 43.6692093]]]}}, {"type": "Feature", "properties": {"osm_type": "way", "osm_id": 1247729677, "golf": "tee", "leisure": null, "feature_type": "tee", "hole_number": null, "name": null, "par": null, "handicap": null, "ref": null, "tee": null, "surface": null, "source": "openstreetmap"}, "geometry": {"type": "Polygon", "coordinates": [[[-116.3673554, 43.6692728], [-116.3674058, 43.6691148], [-116.3672713, 43.6690864], [-116.367219, 43.6692512], [-116.3673554, 43.6692728]]]}}, {"type": "Feature", "properties": {"osm_type": "way", "osm_id": 1247729678, "golf": "tee", "leisure": null, "feature_type": "tee", "hole_number": null, "name": null, "par": null, "handicap": null, "ref": null, "tee": null, "surface": null, "source": "openstreetmap"}, "geometry": {"type": "Polygon", "coordinates": [[[-116.3671742, 43.6692404], [-116.367219, 43.669085], [-116.3670901, 43.669058], [-116.367036, 43.6692188], [-116.3671742, 43.6692404]]]}}, {"type": "Feature", "properties": {"osm_type": "way", "osm_id": 1247729679, "golf": "tee", "leisure": null, "feature_type": "tee", "hole_number": null, "name": null, "par": null, "handicap": null, "ref": null, "tee": null, "surface": null, "source": "openstreetmap"}, "geometry": {"type": "Polygon", "coordinates": [[[-116.3669874, 43.6693728], [-116.3670248, 43.6692728], [-116.3669202, 43.6692472], [-116.3668809, 43.6693553], [-116.3669874, 43.6693728]]]}}, {"type": "Feature", "properties": {"osm_type": "way", "osm_id": 1247729681, "golf": "green", "leisure": null, "feature_type": "green", "hole_number": null, "name": null, "par": null, "handicap": null, "ref": null, "tee": null, "surface": null, "source": "openstreetmap"}, "geometry": {"type": "Polygon", "coordinates": [[[-116.3659233, 43.669013], [-116.3658957, 43.6689948], [-116.3658701, 43.6689897], [-116.3658318, 43.6689867], [-116.3657949, 43.6689813], [-116.3657685, 43.6689747], [-116.36573, 43.6689607], [-116.3656942, 43.6689406], [-116.365665, 43.6689176], [-116.365652, 43.6688968], [-116.3656359, 43.6688717], [-116.3656146, 43.6688447], [-116.3655857, 43.6688298], [-116.3655537, 43.6688208], [-116.3655184, 43.6688185], [-116.3654932, 43.6688242], [-116.3654717, 43.6688338], [-116.3654575, 43.668847], [-116.3654484, 43.6688612], [-116.3654477, 43.668883], [-116.3654519, 43.6689026], [-116.3654603, 43.6689207], [-116.3654747, 43.6689445], [-116.365488, 43.668973], [-116.3655011, 43.668998], [-116.3655149, 43.6690156], [-116.3655338, 43.6690269], [-116.365573, 43.6690385], [-116.3656036, 43.6690461], [-116.3656417, 43.6690536], [-116.3656786, 43.6690634], [-116.3657218, 43.669083], [-116.3657533, 43.6690939], [-116.3657867, 43.6690973], [-116.3658364, 43.6690961], [-116.3658705, 43.6690916], [-116.3659023, 43.6690806], [-116.3659214, 43.6690688], [-116.3659312, 43.6690541], [-116.3659354, 43.6690385], [-116.3659331, 43.6690252], [-116.3659233, 43.669013]]]}}, {"type": "Feature", "properties": {"osm_type": "way", "osm_id": 1247729682, "golf": "bunker", "leisure": null, "feature_type": "bunker", "hole_number": null, "name": null, "par": null, "handicap": null, "ref": null, "tee": null, "surface": null, "source": "openstreetmap"}, "geometry": {"type": "Polygon", "coordinates": [[[-116.3658662, 43.6689602], [-116.3658813, 43.6689524], [-116.3658921, 43.6689444], [-116.3658914, 43.6689362], [-116.3658865, 43.668927], [-116.365876, 43.6689174], [-116.3658612, 43.6689045], [-116.3658495, 43.6688963], [-116.3658329, 43.668894], [-116.3658153, 43.6688938], [-116.3657938, 43.668888], [-116.3657737, 43.668882], [-116.3657565, 43.6688782], [-116.3657383, 43.6688793], [-116.3657244, 43.6688811], [-116.3657137, 43.6688876], [-116.3657084, 43.6688987], [-116.3657081, 43.6689112], [-116.3657112, 43.6689206], [-116.3657198, 43.6689281], [-116.3657328, 43.6689335], [-116.3657509, 43.6689326], [-116.3657651, 43.6689306], [-116.365775, 43.6689293], [-116.3657873, 43.6689328], [-116.3657962, 43.668942], [-116.3658024, 43.6689527], [-116.3658107, 43.6689605], [-116.3658212, 43.6689651], [-116.3658363, 43.6689678], [-116.3658526, 43.6689654], [-116.3658662, 43.6689602]]]}}, {"type": "Feature", "properties": {"osm_type": "way", "osm_id": 1247729683, "golf": "bunker", "leisure": null, "feature_type": "bunker", "hole_number": null, "name": null, "par": null, "handicap": null, "ref": null, "tee": null, "surface": null, "source": "openstreetmap"}, "geometry": {"type": "Polygon", "coordinates": [[[-116.3661755, 43.6692017], [-116.3661811, 43.6691884], [-116.3661864, 43.6691761], [-116.3661861, 43.6691672], [-116.3661776, 43.6691608], [-116.366162, 43.6691569], [-116.366144, 43.6691569], [-116.3661302, 43.66916], [-116.3661149, 43.669161], [-116.3660944, 43.6691603], [-116.3660792, 43.6691621], [-116.3660679, 43.6691692], [-116.3660505, 43.6691772], [-116.3660424, 43.6691864], [-116.3660403, 43.6691971], [-116.3660516, 43.6692084], [-116.3660622, 43.6692148], [-116.3660792, 43.6692184], [-116.366099, 43.6692184], [-116.3661121, 43.669213], [-116.3661234, 43.6692064], [-116.3661351, 43.6692038], [-116.3661457, 43.6692058], [-116.3661609, 43.6692074], [-116.3661755, 43.6692017]]]}}, {"type": "Feature", "properties": {"osm_type": "way", "osm_id": 1247729684, "golf": "tee", "leisure": null, "feature_type": "tee", "hole_number": null, "name": null, "par": null, "handicap": null, "ref": null, "tee": null, "surface": null, "source": "openstreetmap"}, "geometry": {"type": "Polygon", "coordinates": [[[-116.3731408, 43.6711889], [-116.3731587, 43.6711042], [-116.3730644, 43.6710724], [-116.3730156, 43.6711689], [-116.3731408, 43.6711889]]]}}, {"type": "Feature", "properties": {"osm_type": "way", "osm_id": 1247729685, "golf": "tee", "leisure": null, "feature_type": "tee", "hole_number": null, "name": null, "par": null, "handicap": null, "ref": null, "tee": null, "surface": null, "source": "openstreetmap"}, "geometry": {"type": "Polygon", "coordinates": [[[-116.3729701, 43.6711559], [-116.3730123, 43.6710559], [-116.3728172, 43.6709724], [-116.3727359, 43.6710959], [-116.3729701, 43.6711559]]]}}, {"type": "Feature", "properties": {"osm_type": "way", "osm_id": 1247729686, "golf": "tee", "leisure": null, "feature_type": "tee", "hole_number": null, "name": null, "par": null, "handicap": null, "ref": null, "tee": null, "surface": null, "source": "openstreetmap"}, "geometry": {"type": "Polygon", "coordinates": [[[-116.3726465, 43.6710853], [-116.3727229, 43.670943], [-116.3726383, 43.6709148], [-116.372557, 43.6710606], [-116.3726465, 43.6710853]]]}}, {"type": "Feature", "properties": {"osm_type": "way", "osm_id": 1247729687, "golf": "tee", "leisure": null, "feature_type": "tee", "hole_number": null, "name": null, "par": null, "handicap": null, "ref": null, "tee": null, "surface": null, "source": "openstreetmap"}, "geometry": {"type": "Polygon", "coordinates": [[[-116.372435, 43.6710171], [-116.372479, 43.6709218], [-116.3723781, 43.6708924], [-116.3723245, 43.6709936], [-116.372435, 43.6710171]]]}}, {"type": "Feature", "properties": {"osm_type": "way", "osm_id": 1247729690, "golf": "bunker", "leisure": null, "feature_type": "bunker", "hole_number": null, "name": null, "par": null, "handicap": null, "ref": null, "tee": null, "surface": null, "source": "openstreetmap"}, "geometry": {"type": "Polygon", "coordinates": [[[-116.3680874, 43.669623], [-116.368101, 43.669616], [-116.368107, 43.6696062], [-116.3681124, 43.6695992], [-116.3681098, 43.6695937], [-116.3681028, 43.6695861], [-116.3681031, 43.669575], [-116.3681061, 43.6695667], [-116.3681012, 43.6695566], [-116.3680923, 43.6695483], [-116.3680788, 43.6695412], [-116.3680636, 43.6695394], [-116.3680466, 43.6695417], [-116.3680351, 43.669546], [-116.3680239, 43.6695524], [-116.3680174, 43.6695581], [-116.3680059, 43.669561], [-116.3680001, 43.6695649], [-116.3679971, 43.6695736], [-116.367995, 43.6695829], [-116.3679987, 43.66959], [-116.3680057, 43.6695939], [-116.3680134, 43.6695986], [-116.3680167, 43.6696068], [-116.368023, 43.669616], [-116.3680351, 43.6696223], [-116.3680482, 43.6696248], [-116.3680676, 43.6696255], [-116.3680874, 43.669623]]]}}, {"type": "Feature", "properties": {"osm_type": "way", "osm_id": 1247729691, "golf": "green", "leisure": null, "feature_type": "green", "hole_number": null, "name": null, "par": null, "handicap": null, "ref": null, "tee": null, "surface": null, "source": "openstreetmap"}, "geometry": {"type": "Polygon", "coordinates": [[[-116.3681284, 43.6694104], [-116.3681219, 43.669389], [-116.3681112, 43.6693728], [-116.3680916, 43.6693613], [-116.3680603, 43.6693498], [-116.3680309, 43.6693471], [-116.3679954, 43.6693512], [-116.3679711, 43.6693627], [-116.3679272, 43.6693857], [-116.3678842, 43.6694208], [-116.3678637, 43.6694394], [-116.3678389, 43.6694546], [-116.3678188, 43.6694603], [-116.3677922, 43.6694718], [-116.3677777, 43.6694883], [-116.3677698, 43.6695204], [-116.3677689, 43.6695539], [-116.3677726, 43.6695792], [-116.3677848, 43.6696008], [-116.3678073, 43.6696186], [-116.3678487, 43.6696327], [-116.3678796, 43.6696345], [-116.3679146, 43.6696274], [-116.3679439, 43.6696086], [-116.3679512, 43.6695862], [-116.3679593, 43.6695604], [-116.3679796, 43.6695421], [-116.3680154, 43.6695245], [-116.3680536, 43.6695127], [-116.368087, 43.6695021], [-116.3681162, 43.6694857], [-116.3681292, 43.6694668], [-116.3681309, 43.6694433], [-116.3681284, 43.6694104]]]}}, {"type": "Feature", "properties": {"osm_type": "way", "osm_id": 1247729692, "golf": "bunker", "leisure": null, "feature_type": "bunker", "hole_number": null, "name": null, "par": null, "handicap": null, "ref": null, "tee": null, "surface": null, "source": "openstreetmap"}, "geometry": {"type": "Polygon", "coordinates": [[[-116.3684117, 43.6698227], [-116.3684262, 43.669812], [-116.3684228, 43.6697944], [-116.3684154, 43.6697759], [-116.3684019, 43.6697643], [-116.3683902, 43.6697494], [-116.3683745, 43.6697407], [-116.3683557, 43.6697387], [-116.368335, 43.6697427], [-116.3683184, 43.6697527], [-116.3683159, 43.6697699], [-116.3683236, 43.6697882], [-116.3683338, 43.6698033], [-116.3683455, 43.6698192], [-116.3683606, 43.6698278], [-116.3683819, 43.6698316], [-116.3684003, 43.669829], [-116.3684117, 43.6698227]]]}}, {"type": "Feature", "properties": {"osm_type": "way", "osm_id": 1247729693, "golf": "bunker", "leisure": null, "feature_type": "bunker", "hole_number": null, "name": null, "par": null, "handicap": null, "ref": null, "tee": null, "surface": null, "source": "openstreetmap"}, "geometry": {"type": "Polygon", "coordinates": [[[-116.3684385, 43.6696458], [-116.3684567, 43.669634], [-116.3684749, 43.6696135], [-116.3684767, 43.6695932], [-116.3684669, 43.6695758], [-116.3684447, 43.6695633], [-116.3684197, 43.6695406], [-116.3684056, 43.6695281], [-116.3683942, 43.6695225], [-116.3683775, 43.669521], [-116.3683621, 43.6695274], [-116.3683372, 43.6695363], [-116.3683282, 43.6695466], [-116.3683264, 43.6695577], [-116.3683319, 43.6695698], [-116.3683461, 43.6695805], [-116.3683606, 43.6695858], [-116.3683683, 43.6695896], [-116.3683732, 43.6695992], [-116.368372, 43.6696132], [-116.3683754, 43.6696282], [-116.3683819, 43.669638], [-116.3683902, 43.6696447], [-116.3684047, 43.6696469], [-116.3684191, 43.6696496], [-116.3684385, 43.6696458]]]}}, {"type": "Feature", "properties": {"osm_type": "way", "osm_id": 1247729694, "golf": "bunker", "leisure": null, "feature_type": "bunker", "hole_number": null, "name": null, "par": null, "handicap": null, "ref": null, "tee": null, "surface": null, "source": "openstreetmap"}, "geometry": {"type": "Polygon", "coordinates": [[[-116.3682919, 43.6694849], [-116.3683094, 43.6694726], [-116.3683144, 43.669463], [-116.3683128, 43.6694552], [-116.3683014, 43.669443], [-116.3682891, 43.6694347], [-116.3682783, 43.66943], [-116.3682626, 43.6694262], [-116.3682457, 43.6694196], [-116.3682293, 43.6694106], [-116.368217, 43.669404], [-116.3682044, 43.6694026], [-116.3681899, 43.6694055], [-116.3681782, 43.6694149], [-116.3681733, 43.6694229], [-116.3681723, 43.6694381], [-116.3681757, 43.669451], [-116.3681871, 43.6694608], [-116.3681964, 43.6694635], [-116.3682133, 43.669465], [-116.3682278, 43.6694673], [-116.3682414, 43.6694704], [-116.3682503, 43.6694748], [-116.3682586, 43.6694844], [-116.3682669, 43.6694871], [-116.3682793, 43.669488], [-116.3682919, 43.6694849]]]}}, {"type": "Feature", "properties": {"osm_type": "way", "osm_id": 1247729695, "golf": "bunker", "leisure": null, "feature_type": "bunker", "hole_number": null, "name": null, "par": null, "handicap": null, "ref": null, "tee": null, "surface": null, "source": "openstreetmap"}, "geometry": {"type": "Polygon", "coordinates": [[[-116.3678222, 43.6697749], [-116.3678255, 43.6697631], [-116.3678324, 43.6697543], [-116.3678503, 43.6697464], [-116.3678621, 43.6697334], [-116.3678645, 43.6697093], [-116.3678576, 43.6696964], [-116.3678434, 43.6696852], [-116.3678287, 43.6696817], [-116.3678133, 43.6696773], [-116.3677995, 43.6696711], [-116.3677885, 43.6696679], [-116.3677739, 43.6696682], [-116.3677629, 43.6696761], [-116.3677572, 43.6696899], [-116.3677588, 43.6697014], [-116.3677653, 43.6697146], [-116.3677649, 43.6697276], [-116.3677531, 43.6697396], [-116.3677446, 43.6697532], [-116.3677478, 43.6697673], [-116.3677588, 43.6697805], [-116.3677686, 43.6697873], [-116.3677848, 43.6697905], [-116.3678011, 43.6697881], [-116.3678137, 43.6697837], [-116.3678222, 43.6697749]]]}}, {"type": "Feature", "properties": {"osm_type": "way", "osm_id": 1247729696, "golf": "bunker", "leisure": null, "feature_type": "bunker", "hole_number": null, "name": null, "par": null, "handicap": null, "ref": null, "tee": null, "surface": null, "source": "openstreetmap"}, "geometry": {"type": "Polygon", "coordinates": [[[-116.3695526, 43.6703908], [-116.3695667, 43.670381], [-116.3695751, 43.6703661], [-116.3695704, 43.6703553], [-116.3695526, 43.6703448], [-116.3695316, 43.6703334], [-116.3695143, 43.670331], [-116.3694947, 43.6703354], [-116.369484, 43.6703432], [-116.3694789, 43.6703597], [-116.3694835, 43.6703773], [-116.369498, 43.6703901], [-116.3695129, 43.6703975], [-116.3695312, 43.6703986], [-116.3695526, 43.6703908]]]}}, {"type": "Feature", "properties": {"osm_type": "way", "osm_id": 1247729697, "golf": "bunker", "leisure": null, "feature_type": "bunker", "hole_number": null, "name": null, "par": null, "handicap": null, "ref": null, "tee": null, "surface": null, "source": "openstreetmap"}, "geometry": {"type": "Polygon", "coordinates": [[[-116.3702044, 43.6706009], [-116.3702141, 43.670593], [-116.3702137, 43.6705809], [-116.3701942, 43.6705618], [-116.3701645, 43.6705421], [-116.3701328, 43.6705259], [-116.370108, 43.6705177], [-116.3700869, 43.6705206], [-116.3700727, 43.6705318], [-116.3700694, 43.67055], [-116.3700788, 43.6705627], [-116.3700966, 43.6705688], [-116.3701223, 43.6705721], [-116.3701353, 43.6705715], [-116.3701454, 43.6705753], [-116.3701511, 43.670585], [-116.3701584, 43.6705947], [-116.3701706, 43.6706009], [-116.3701865, 43.6706033], [-116.3702044, 43.6706009]]]}}, {"type": "Feature", "properties": {"osm_type": "way", "osm_id": 1247738886, "golf": "tee", "leisure": null, "feature_type": "tee", "hole_number": null, "name": null, "par": null, "handicap": null, "ref": null, "tee": null, "surface": null, "source": "openstreetmap"}, "geometry": {"type": "Polygon", "coordinates": [[[-116.35613, 43.6695098], [-116.3560795, 43.6696058], [-116.3561692, 43.6696463], [-116.356229, 43.6695348], [-116.35613, 43.6695098]]]}}, {"type": "Feature", "properties": {"osm_type": "way", "osm_id": 1247738887, "golf": "tee", "leisure": null, "feature_type": "tee", "hole_number": null, "name": null, "par": null, "handicap": null, "ref": null, "tee": null, "surface": null, "source": "openstreetmap"}, "geometry": {"type": "Polygon", "coordinates": [[[-116.3562944, 43.6695409], [-116.3562234, 43.6696639], [-116.3563168, 43.6696949], [-116.3563878, 43.6695686], [-116.3562944, 43.6695409]]]}}, {"type": "Feature", "properties": {"osm_type": "way", "osm_id": 1247738888, "golf": "tee", "leisure": null, "feature_type": "tee", "hole_number": null, "name": null, "par": null, "handicap": null, "ref": null, "tee": null, "surface": null, "source": "openstreetmap"}, "geometry": {"type": "Polygon", "coordinates": [[[-116.3564641, 43.6696742], [-116.356452, 43.6697224], [-116.356462, 43.6697541], [-116.3564832, 43.6697628], [-116.3565419, 43.6697705], [-116.3565589, 43.6697567], [-116.3565575, 43.6697116], [-116.3565356, 43.6696778], [-116.3564853, 43.6696604], [-116.3564641, 43.6696742]]]}}, {"type": "Feature", "properties": {"osm_type": "way", "osm_id": 1247738890, "golf": "green", "leisure": null, "feature_type": "green", "hole_number": null, "name": null, "par": null, "handicap": null, "ref": null, "tee": null, "surface": null, "source": "openstreetmap"}, "geometry": {"type": "Polygon", "coordinates": [[[-116.3606906, 43.6704292], [-116.3607042, 43.6704183], [-116.36071, 43.670402], [-116.3607125, 43.6703893], [-116.3607091, 43.6703759], [-116.3607005, 43.670363], [-116.3606805, 43.6703459], [-116.3606555, 43.6703309], [-116.3606068, 43.6703162], [-116.3605717, 43.6703106], [-116.3605252, 43.6703071], [-116.360499, 43.6703089], [-116.3604629, 43.6703218], [-116.3604327, 43.6703383], [-116.3603942, 43.6703603], [-116.3603714, 43.6703784], [-116.3603483, 43.6703938], [-116.3603345, 43.6704058], [-116.3603178, 43.6704234], [-116.3603018, 43.6704446], [-116.3602932, 43.670462], [-116.3602904, 43.670478], [-116.3603012, 43.6704927], [-116.3603169, 43.6705048], [-116.3603308, 43.6705134], [-116.3603502, 43.670517], [-116.3603764, 43.6705179], [-116.3604041, 43.6705097], [-116.3604198, 43.670499], [-116.360446, 43.6704796], [-116.3604904, 43.6704611], [-116.3605572, 43.6704566], [-116.3605945, 43.6704535], [-116.3606253, 43.6704513], [-116.360666, 43.6704401], [-116.3606906, 43.6704292]]]}}, {"type": "Feature", "properties": {"osm_type": "way", "osm_id": 1247738891, "golf": "bunker", "leisure": null, "feature_type": "bunker", "hole_number": null, "name": null, "par": null, "handicap": null, "ref": null, "tee": null, "surface": null, "source": "openstreetmap"}, "geometry": {"type": "Polygon", "coordinates": [[[-116.3591856, 43.6706383], [-116.3591912, 43.6706292], [-116.359187, 43.6706089], [-116.359174, 43.6705971], [-116.3591585, 43.6705876], [-116.359159, 43.6705734], [-116.359173, 43.670564], [-116.3591875, 43.6705562], [-116.3591968, 43.6705437], [-116.3591987, 43.6705339], [-116.3591912, 43.6705278], [-116.3591665, 43.6705221], [-116.3591389, 43.6705258], [-116.3591086, 43.6705316], [-116.3590824, 43.6705366], [-116.3590633, 43.670537], [-116.3590376, 43.6705326], [-116.3590259, 43.6705332], [-116.3590156, 43.6705444], [-116.3590189, 43.6705653], [-116.3590311, 43.6705917], [-116.3590432, 43.6706018], [-116.3590721, 43.6706093], [-116.359089, 43.6706109], [-116.3591062, 43.6706153], [-116.3591188, 43.6706241], [-116.3591375, 43.6706349], [-116.3591543, 43.670641], [-116.3591674, 43.6706424], [-116.3591856, 43.6706383]]]}}, {"type": "Feature", "properties": {"osm_type": "way", "osm_id": 1247738892, "golf": "bunker", "leisure": null, "feature_type": "bunker", "hole_number": null, "name": null, "par": null, "handicap": null, "ref": null, "tee": null, "surface": null, "source": "openstreetmap"}, "geometry": {"type": "Polygon", "coordinates": [[[-116.3594028, 43.6706383], [-116.3593888, 43.6706136], [-116.359378, 43.6706001], [-116.3593776, 43.6705866], [-116.3593832, 43.6705809], [-116.359379, 43.6705738], [-116.3593664, 43.6705667], [-116.3593505, 43.670564], [-116.3593299, 43.6705643], [-116.3593042, 43.6705657], [-116.3592837, 43.6705643], [-116.3592594, 43.670565], [-116.3592389, 43.6705721], [-116.3592263, 43.6705751], [-116.3592249, 43.6705843], [-116.3592314, 43.670592], [-116.3592328, 43.6706076], [-116.3592389, 43.6706224], [-116.3592496, 43.6706278], [-116.3592678, 43.6706329], [-116.359279, 43.6706268], [-116.3592893, 43.6706174], [-116.3592958, 43.6706096], [-116.3593005, 43.6706072], [-116.3593122, 43.6706136], [-116.3593281, 43.6706309], [-116.359343, 43.6706437], [-116.3593603, 43.6706498], [-116.3593766, 43.6706491], [-116.3593934, 43.6706457], [-116.3594028, 43.6706383]]]}}, {"type": "Feature", "properties": {"osm_type": "way", "osm_id": 1247738893, "golf": "bunker", "leisure": null, "feature_type": "bunker", "hole_number": null, "name": null, "par": null, "handicap": null, "ref": null, "tee": null, "surface": null, "source": "openstreetmap"}, "geometry": {"type": "Polygon", "coordinates": [[[-116.3605175, 43.6705643], [-116.3605604, 43.6705558], [-116.3605802, 43.6705488], [-116.3605872, 43.6705426], [-116.3605894, 43.6705279], [-116.3605835, 43.6705166], [-116.3605684, 43.6705096], [-116.3605443, 43.6705061], [-116.3605261, 43.6705019], [-116.3605094, 43.670496], [-116.3604949, 43.670496], [-116.3604788, 43.6705042], [-116.3604644, 43.6705135], [-116.3604536, 43.6705267], [-116.360451, 43.6705399], [-116.3604649, 43.67055], [-116.3604853, 43.670557], [-116.3605175, 43.6705643]]]}}, {"type": "Feature", "properties": {"osm_type": "way", "osm_id": 1247738894, "golf": "fairway", "leisure": null, "feature_type": "fairway", "hole_number": null, "name": null, "par": null, "handicap": null, "ref": null, "tee": null, "surface": null, "source": "openstreetmap"}, "geometry": {"type": "Polygon", "coordinates": [[[-116.3644155, 43.6707522], [-116.364408, 43.6708157], [-116.364494, 43.6709089], [-116.3645724, 43.6709305], [-116.3647331, 43.670917], [-116.3649834, 43.6709265], [-116.3651627, 43.6709373], [-116.3652879, 43.6709197], [-116.3654242, 43.6709048], [-116.3655755, 43.6709481], [-116.365697, 43.6709913], [-116.3659006, 43.6710237], [-116.3660126, 43.6710305], [-116.3661471, 43.6710467], [-116.3662387, 43.6710589], [-116.3663009, 43.671067], [-116.3663351, 43.6710635], [-116.3663692, 43.6710506], [-116.366379, 43.6710388], [-116.3664082, 43.6710224], [-116.3664627, 43.6709965], [-116.3664091, 43.6710053], [-116.3663749, 43.6710071], [-116.3663399, 43.6710076], [-116.3662903, 43.6709982], [-116.3662497, 43.6709759], [-116.3662212, 43.6709482], [-116.3662066, 43.6709188], [-116.3662082, 43.6709053], [-116.3662196, 43.6708759], [-116.3662489, 43.67085], [-116.3662668, 43.6708365], [-116.3662993, 43.6708289], [-116.3662472, 43.6708336], [-116.3662123, 43.6708377], [-116.3661724, 43.6708324], [-116.3661082, 43.67082], [-116.3660489, 43.6708077], [-116.3659846, 43.6707906], [-116.3658732, 43.6707648], [-116.3657236, 43.6707253], [-116.3656244, 43.6706936], [-116.3655171, 43.6706518], [-116.3654529, 43.6706189], [-116.3653333, 43.6705783], [-116.3651813, 43.6705371], [-116.3650252, 43.6705066], [-116.3648747, 43.670483], [-116.3647178, 43.6704513], [-116.3646373, 43.6704583], [-116.3645666, 43.6704895], [-116.3645227, 43.6705254], [-116.3644731, 43.6706136], [-116.3644155, 43.6707522]]]}}, {"type": "Feature", "properties": {"osm_type": "way", "osm_id": 1247738895, "golf": "green", "leisure": null, "feature_type": "green", "hole_number": null, "name": null, "par": null, "handicap": null, "ref": null, "tee": null, "surface": null, "source": "openstreetmap"}, "geometry": {"type": "Polygon", "coordinates": [[[-116.3664627, 43.6709965], [-116.3664939, 43.6709902], [-116.366524, 43.6709902], [-116.3665687, 43.6709978], [-116.3666216, 43.6710125], [-116.3666508, 43.6710178], [-116.3666866, 43.6710143], [-116.3667126, 43.6709966], [-116.3667248, 43.6709796], [-116.3667224, 43.6709566], [-116.3667004, 43.6709331], [-116.3666679, 43.670916], [-116.3666411, 43.6709113], [-116.3666167, 43.6709019], [-116.366585, 43.6708825], [-116.3665439, 43.6708669], [-116.366516, 43.6708641], [-116.3664806, 43.6708657], [-116.3664586, 43.6708684], [-116.3664285, 43.6708696], [-116.3663953, 43.6708599], [-116.3663626, 43.6708428], [-116.3663336, 43.6708319], [-116.3662993, 43.6708289], [-116.3662668, 43.6708365], [-116.3662489, 43.67085], [-116.3662196, 43.6708759], [-116.3662082, 43.6709053], [-116.3662066, 43.6709188], [-116.3662212, 43.6709482], [-116.3662497, 43.6709759], [-116.3662903, 43.6709982], [-116.3663399, 43.6710076], [-116.3663749, 43.6710071], [-116.3664091, 43.6710053], [-116.3664627, 43.6709965]]]}}, {"type": "Feature", "properties": {"osm_type": "way", "osm_id": 1247738896, "golf": "bunker", "leisure": null, "feature_type": "bunker", "hole_number": null, "name": null, "par": null, "handicap": null, "ref": null, "tee": null, "surface": null, "source": "openstreetmap"}, "geometry": {"type": "Polygon", "coordinates": [[[-116.3665777, 43.6710942], [-116.3665884, 43.6710834], [-116.366582, 43.6710678], [-116.3665712, 43.6710519], [-116.366553, 43.6710422], [-116.3665326, 43.6710442], [-116.3665117, 43.6710477], [-116.3664977, 43.6710477], [-116.3664854, 43.671043], [-116.3664704, 43.6710364], [-116.3664473, 43.6710345], [-116.3664232, 43.6710391], [-116.3664055, 43.6710488], [-116.3663942, 43.6710675], [-116.3663937, 43.6710822], [-116.3663969, 43.6710958], [-116.3664087, 43.6711043], [-116.3664264, 43.6711086], [-116.3664489, 43.6711078], [-116.3664591, 43.6710981], [-116.3664677, 43.6710888], [-116.3664774, 43.6710841], [-116.3664951, 43.6710873], [-116.3665192, 43.6710931], [-116.3665358, 43.6710981], [-116.3665546, 43.6710989], [-116.3665648, 43.6710981], [-116.3665777, 43.6710942]]]}}, {"type": "Feature", "properties": {"osm_type": "way", "osm_id": 1247738897, "golf": "tee", "leisure": null, "feature_type": "tee", "hole_number": null, "name": null, "par": null, "handicap": null, "ref": null, "tee": null, "surface": null, "source": "openstreetmap"}, "geometry": {"type": "Polygon", "coordinates": [[[-116.365493, 43.6712803], [-116.3654874, 43.6713465], [-116.3659077, 43.6713938], [-116.3659208, 43.6713276], [-116.365493, 43.6712803]]]}}, {"type": "Feature", "properties": {"osm_type": "way", "osm_id": 1247738898, "golf": "tee", "leisure": null, "feature_type": "tee", "hole_number": null, "name": null, "par": null, "handicap": null, "ref": null, "tee": null, "surface": null, "source": "openstreetmap"}, "geometry": {"type": "Polygon", "coordinates": [[[-116.3662719, 43.6713721], [-116.3662607, 43.6714316], [-116.366384, 43.6714492], [-116.3663952, 43.671387], [-116.3662719, 43.6713721]]]}}, {"type": "Feature", "properties": {"osm_type": "way", "osm_id": 1247738899, "golf": "fairway", "leisure": null, "feature_type": "fairway", "hole_number": null, "name": null, "par": null, "handicap": null, "ref": null, "tee": null, "surface": null, "source": "openstreetmap"}, "geometry": {"type": "Polygon", "coordinates": [[[-116.3673479, 43.6713205], [-116.3672219, 43.6713574], [-116.3671441, 43.6714331], [-116.3670719, 43.6715243], [-116.367079, 43.6715714], [-116.3671823, 43.6716195], [-116.3673182, 43.671641], [-116.3674484, 43.6716379], [-116.3675759, 43.6716195], [-116.3676919, 43.6716297], [-116.3678335, 43.6716553], [-116.3678944, 43.6716676], [-116.3679453, 43.6716666], [-116.368026, 43.6716441], [-116.3681237, 43.6716287], [-116.3681888, 43.671642], [-116.3682271, 43.6716697], [-116.3682766, 43.6717065], [-116.3683389, 43.6717383], [-116.3684139, 43.6717403], [-116.3684946, 43.671728], [-116.3685767, 43.6717383], [-116.3686688, 43.6718181], [-116.3687594, 43.671896], [-116.368867, 43.6719902], [-116.368942, 43.6720485], [-116.3690368, 43.6720803], [-116.3691388, 43.6721008], [-116.3692761, 43.6721018], [-116.3694389, 43.6720864], [-116.369613, 43.6720711], [-116.36979, 43.6720608], [-116.3699783, 43.6720455], [-116.370066, 43.672025], [-116.3701127, 43.6719748], [-116.3701028, 43.6719267], [-116.3700349, 43.6718867], [-116.3697971, 43.6718284], [-116.3695465, 43.6717639], [-116.3693412, 43.6716932], [-116.3690099, 43.6715837], [-116.3686787, 43.6714782], [-116.3684125, 43.6714055], [-116.3681803, 43.6713696], [-116.3678972, 43.671344], [-116.3675631, 43.6713195], [-116.3673479, 43.6713205]]]}}, {"type": "Feature", "properties": {"osm_type": "way", "osm_id": 1247738900, "golf": "fairway", "leisure": null, "feature_type": "fairway", "hole_number": null, "name": null, "par": null, "handicap": null, "ref": null, "tee": null, "surface": null, "source": "openstreetmap"}, "geometry": {"type": "Polygon", "coordinates": [[[-116.3693919, 43.6723034], [-116.3694144, 43.6723569], [-116.3694573, 43.6724151], [-116.3695153, 43.6724539], [-116.3695957, 43.6724671], [-116.3696891, 43.6724687], [-116.3697556, 43.6724539], [-116.369835, 43.6724291], [-116.3698961, 43.6724206], [-116.3699541, 43.6724361], [-116.3700356, 43.6724617], [-116.3701311, 43.6724919], [-116.3702277, 43.6725051], [-116.3703264, 43.6725075], [-116.3704154, 43.6724881], [-116.3704755, 43.6724594], [-116.3705527, 43.6724027], [-116.3705924, 43.6723755], [-116.3706407, 43.6723468], [-116.3706804, 43.6723321], [-116.3707523, 43.6723298], [-116.3706976, 43.6723181], [-116.3706547, 43.6723088], [-116.3706343, 43.6722902], [-116.3706349, 43.6722505], [-116.3706363, 43.6722249], [-116.3706568, 43.6722111], [-116.3706858, 43.6722039], [-116.370637, 43.6722019], [-116.3705973, 43.6722086], [-116.3705577, 43.6722034], [-116.3705159, 43.6721886], [-116.3704735, 43.6721707], [-116.3704218, 43.672143], [-116.3703553, 43.6721261], [-116.3702824, 43.6721277], [-116.370184, 43.6721461], [-116.3700466, 43.6721819], [-116.3699001, 43.6722147], [-116.3697642, 43.6722127], [-116.3696559, 43.6722086], [-116.3695384, 43.6722029], [-116.3694924, 43.672205], [-116.369445, 43.6722229], [-116.3694124, 43.6722551], [-116.3693919, 43.6723034]]]}}, {"type": "Feature", "properties": {"osm_type": "way", "osm_id": 1247738901, "golf": "green", "leisure": null, "feature_type": "green", "hole_number": null, "name": null, "par": null, "handicap": null, "ref": null, "tee": null, "surface": null, "source": "openstreetmap"}, "geometry": {"type": "Polygon", "coordinates": [[[-116.3707523, 43.6723298], [-116.3707891, 43.6723378], [-116.3708218, 43.6723514], [-116.3708636, 43.6723708], [-116.3709017, 43.6723774], [-116.3709554, 43.6723755], [-116.3709994, 43.6723646], [-116.3710369, 43.6723429], [-116.3710637, 43.6723165], [-116.3710868, 43.672294], [-116.3710938, 43.6722688], [-116.3710943, 43.6722478], [-116.3710825, 43.6722346], [-116.3710578, 43.6722241], [-116.3710224, 43.6722218], [-116.3709897, 43.672228], [-116.3709688, 43.6722362], [-116.370942, 43.6722424], [-116.3709167, 43.672242], [-116.3708958, 43.6722373], [-116.3708722, 43.6722338], [-116.3708475, 43.6722362], [-116.3708239, 43.6722397], [-116.3708003, 43.6722354], [-116.3707735, 43.6722272], [-116.3707429, 43.6722179], [-116.3707193, 43.6722117], [-116.3706858, 43.6722039], [-116.3706568, 43.6722111], [-116.3706363, 43.6722249], [-116.3706349, 43.6722505], [-116.3706343, 43.6722902], [-116.3706547, 43.6723088], [-116.3706976, 43.6723181], [-116.3707523, 43.6723298]]]}}, {"type": "Feature", "properties": {"osm_type": "way", "osm_id": 1247738902, "golf": "bunker", "leisure": null, "feature_type": "bunker", "hole_number": null, "name": null, "par": null, "handicap": null, "ref": null, "tee": null, "surface": null, "source": "openstreetmap"}, "geometry": {"type": "Polygon", "coordinates": [[[-116.3711608, 43.6723561], [-116.3711758, 43.6723452], [-116.3711877, 43.6723266], [-116.3711882, 43.6723076], [-116.3711732, 43.6722963], [-116.3711496, 43.6722901], [-116.3711308, 43.6722967], [-116.3711201, 43.6723138], [-116.3711099, 43.6723316], [-116.3711163, 43.672346], [-116.3711222, 43.6723553], [-116.371141, 43.6723595], [-116.3711608, 43.6723561]]]}}, {"type": "Feature", "properties": {"osm_type": "way", "osm_id": 1247738903, "golf": "bunker", "leisure": null, "feature_type": "bunker", "hole_number": null, "name": null, "par": null, "handicap": null, "ref": null, "tee": null, "surface": null, "source": "openstreetmap"}, "geometry": {"type": "Polygon", "coordinates": [[[-116.3707043, 43.6724212], [-116.3707279, 43.6724166], [-116.3707467, 43.6724112], [-116.3707494, 43.6723983], [-116.3707505, 43.6723793], [-116.3707386, 43.6723615], [-116.3707231, 43.6723564], [-116.3707011, 43.6723603], [-116.3706839, 43.6723708], [-116.3706539, 43.6723801], [-116.3706212, 43.6723859], [-116.3706019, 43.6723925], [-116.3705981, 43.6723995], [-116.3706024, 43.6724123], [-116.3706094, 43.6724321], [-116.3706163, 43.6724426], [-116.3706233, 43.6724492], [-116.3706389, 43.6724527], [-116.3706512, 43.6724527], [-116.3706673, 43.6724461], [-116.3706737, 43.6724368], [-116.3706834, 43.6724274], [-116.3706931, 43.6724228], [-116.3707043, 43.6724212]]]}}, {"type": "Feature", "properties": {"osm_type": "way", "osm_id": 1247738904, "golf": "bunker", "leisure": null, "feature_type": "bunker", "hole_number": null, "name": null, "par": null, "handicap": null, "ref": null, "tee": null, "surface": null, "source": "openstreetmap"}, "geometry": {"type": "Polygon", "coordinates": [[[-116.3685717, 43.671828], [-116.3685709, 43.6718039], [-116.3685441, 43.6717768], [-116.3685181, 43.6717562], [-116.3684847, 43.6717633], [-116.3684758, 43.6717709], [-116.3684847, 43.6717833], [-116.3684896, 43.6718074], [-116.3684969, 43.6718227], [-116.3685197, 43.6718368], [-116.3685417, 43.6718427], [-116.3685587, 43.6718392], [-116.3685717, 43.671828]]]}}, {"type": "Feature", "properties": {"osm_type": "way", "osm_id": 1247738905, "golf": "bunker", "leisure": null, "feature_type": "bunker", "hole_number": null, "name": null, "par": null, "handicap": null, "ref": null, "tee": null, "surface": null, "source": "openstreetmap"}, "geometry": {"type": "Polygon", "coordinates": [[[-116.3681685, 43.6717252], [-116.3681755, 43.6717132], [-116.3681733, 43.671698], [-116.3681588, 43.6716879], [-116.3681384, 43.6716736], [-116.3681299, 43.6716662], [-116.3681132, 43.6716623], [-116.3680939, 43.6716666], [-116.3680639, 43.6716813], [-116.3680387, 43.6716872], [-116.3679877, 43.6716926], [-116.3679673, 43.6716965], [-116.3679646, 43.6717054], [-116.3679748, 43.671719], [-116.3679882, 43.6717279], [-116.3680092, 43.6717442], [-116.3680317, 43.6717566], [-116.3680558, 43.6717578], [-116.3680789, 43.6717551], [-116.3680939, 43.6717496], [-116.3680966, 43.6717388], [-116.3681041, 43.6717294], [-116.3681213, 43.6717314], [-116.3681395, 43.6717357], [-116.368154, 43.6717345], [-116.3681685, 43.6717252]]]}}, {"type": "Feature", "properties": {"osm_type": "way", "osm_id": 1247738906, "golf": "bunker", "leisure": null, "feature_type": "bunker", "hole_number": null, "name": null, "par": null, "handicap": null, "ref": null, "tee": null, "surface": null, "source": "openstreetmap"}, "geometry": {"type": "Polygon", "coordinates": [[[-116.3677592, 43.6717314], [-116.367771, 43.6717205], [-116.3677688, 43.6717046], [-116.3677597, 43.6716821], [-116.3677474, 43.6716705], [-116.3677216, 43.6716631], [-116.3676873, 43.6716623], [-116.3676578, 43.671667], [-116.3676369, 43.6716716], [-116.3676122, 43.6716736], [-116.3675891, 43.6716689], [-116.3675666, 43.6716685], [-116.3675408, 43.6716728], [-116.3675189, 43.6716833], [-116.3674958, 43.6716844], [-116.367521, 43.6717011], [-116.3675516, 43.6717201], [-116.3675843, 43.6717384], [-116.3675982, 43.67175], [-116.3676208, 43.6717624], [-116.3676369, 43.6717651], [-116.367654, 43.671764], [-116.3676691, 43.6717543], [-116.3676766, 43.6717446], [-116.3676793, 43.6717291], [-116.3676927, 43.6717236], [-116.3677066, 43.6717229], [-116.3677227, 43.6717283], [-116.3677399, 43.6717345], [-116.3677592, 43.6717314]]]}}, {"type": "Feature", "properties": {"osm_type": "way", "osm_id": 1247738907, "golf": "tee", "leisure": null, "feature_type": "tee", "hole_number": null, "name": null, "par": null, "handicap": null, "ref": null, "tee": null, "surface": null, "source": "openstreetmap"}, "geometry": {"type": "Polygon", "coordinates": [[[-116.3704747, 43.6727545], [-116.3704704, 43.6726869], [-116.3706955, 43.6726736], [-116.370704, 43.6727493], [-116.3704747, 43.6727545]]]}}, {"type": "Feature", "properties": {"osm_type": "way", "osm_id": 1247738908, "golf": "tee", "leisure": null, "feature_type": "tee", "hole_number": null, "name": null, "par": null, "handicap": null, "ref": null, "tee": null, "surface": null, "source": "openstreetmap"}, "geometry": {"type": "Polygon", "coordinates": [[[-116.3708102, 43.6726367], [-116.370806, 43.6727104], [-116.3710452, 43.6727217], [-116.3710438, 43.6726336], [-116.3708102, 43.6726367]]]}}, {"type": "Feature", "properties": {"osm_type": "way", "osm_id": 1247738909, "golf": "tee", "leisure": null, "feature_type": "tee", "hole_number": null, "name": null, "par": null, "handicap": null, "ref": null, "tee": null, "surface": null, "source": "openstreetmap"}, "geometry": {"type": "Polygon", "coordinates": [[[-116.3711004, 43.6725742], [-116.3710848, 43.6726981], [-116.3711726, 43.6727022], [-116.3711811, 43.6725763], [-116.3711004, 43.6725742]]]}}, {"type": "Feature", "properties": {"osm_type": "way", "osm_id": 1247738910, "golf": "tee", "leisure": null, "feature_type": "tee", "hole_number": null, "name": null, "par": null, "handicap": null, "ref": null, "tee": null, "surface": null, "source": "openstreetmap"}, "geometry": {"type": "Polygon", "coordinates": [[[-116.3713524, 43.6724084], [-116.3712944, 43.6725343], [-116.3713736, 43.6725548], [-116.3714388, 43.6724258], [-116.3713524, 43.6724084]]]}}, {"type": "Feature", "properties": {"osm_type": "way", "osm_id": 1247738913, "golf": "green", "leisure": null, "feature_type": "green", "hole_number": null, "name": null, "par": null, "handicap": null, "ref": null, "tee": null, "surface": null, "source": "openstreetmap"}, "geometry": {"type": "Polygon", "coordinates": [[[-116.3727766, 43.6728078], [-116.3727932, 43.6728086], [-116.3728156, 43.6728048], [-116.3728302, 43.6727951], [-116.3728457, 43.6727795], [-116.3728575, 43.6727613], [-116.3728607, 43.6727413], [-116.3728607, 43.6727175], [-116.3728502, 43.672699], [-116.372838, 43.6726872], [-116.3728136, 43.6726743], [-116.3727863, 43.6726643], [-116.372753, 43.6726569], [-116.3727258, 43.6726449], [-116.3727136, 43.6726363], [-116.3726924, 43.6726172], [-116.3726753, 43.6726005], [-116.3726558, 43.6725884], [-116.3726306, 43.6725793], [-116.3725892, 43.672576], [-116.3725558, 43.672579], [-116.3725192, 43.6725952], [-116.3725013, 43.6726084], [-116.3724924, 43.6726228], [-116.372483, 43.6726463], [-116.372483, 43.6726604], [-116.3724965, 43.6726737], [-116.3725188, 43.6726843], [-116.3725367, 43.6726931], [-116.3725774, 43.6727057], [-116.3726131, 43.6727278], [-116.3726318, 43.6727451], [-116.3726705, 43.6727675], [-116.3726997, 43.6727819], [-116.3727432, 43.6727986], [-116.3727766, 43.6728078]]]}}, {"type": "Feature", "properties": {"osm_type": "way", "osm_id": 1247738914, "golf": "bunker", "leisure": null, "feature_type": "bunker", "hole_number": null, "name": null, "par": null, "handicap": null, "ref": null, "tee": null, "surface": null, "source": "openstreetmap"}, "geometry": {"type": "Polygon", "coordinates": [[[-116.3726726, 43.672849], [-116.3726858, 43.6728447], [-116.3726945, 43.6728338], [-116.3726972, 43.6728258], [-116.3726966, 43.6728135], [-116.3726877, 43.6728057], [-116.372671, 43.6727999], [-116.3726587, 43.6727975], [-116.3726504, 43.6727919], [-116.3726384, 43.6727837], [-116.3726233, 43.6727781], [-116.3726051, 43.6727788], [-116.3725894, 43.6727879], [-116.3725755, 43.6727973], [-116.3725694, 43.6728031], [-116.3725666, 43.6728106], [-116.3725675, 43.6728175], [-116.3725768, 43.6728222], [-116.3725891, 43.6728251], [-116.3726076, 43.6728349], [-116.3726242, 43.6728383], [-116.3726387, 43.6728445], [-116.3726519, 43.6728496], [-116.3726726, 43.672849]]]}}, {"type": "Feature", "properties": {"osm_type": "way", "osm_id": 1247738915, "golf": "bunker", "leisure": null, "feature_type": "bunker", "hole_number": null, "name": null, "par": null, "handicap": null, "ref": null, "tee": null, "surface": null, "source": "openstreetmap"}, "geometry": {"type": "Polygon", "coordinates": [[[-116.3725502, 43.6727722], [-116.3725644, 43.6727664], [-116.3725716, 43.6727593], [-116.3725742, 43.6727529], [-116.3725698, 43.672744], [-116.3725614, 43.6727396], [-116.3725434, 43.6727293], [-116.3725273, 43.6727198], [-116.372513, 43.6727132], [-116.3724974, 43.672709], [-116.3724836, 43.672711], [-116.3724687, 43.672719], [-116.3724596, 43.6727291], [-116.3724556, 43.6727387], [-116.3724577, 43.6727463], [-116.3724638, 43.6727516], [-116.372475, 43.672757], [-116.3724895, 43.6727609], [-116.3725042, 43.6727666], [-116.3725175, 43.6727691], [-116.3725327, 43.6727725], [-116.3725502, 43.6727722]]]}}, {"type": "Feature", "properties": {"osm_type": "way", "osm_id": 1247738916, "golf": "bunker", "leisure": null, "feature_type": "bunker", "hole_number": null, "name": null, "par": null, "handicap": null, "ref": null, "tee": null, "surface": null, "source": "openstreetmap"}, "geometry": {"type": "Polygon", "coordinates": [[[-116.3728002, 43.6726221], [-116.3728094, 43.6726107], [-116.3728082, 43.6725964], [-116.3727987, 43.6725869], [-116.3727913, 43.6725708], [-116.3727774, 43.672557], [-116.3727574, 43.6725503], [-116.3727293, 43.6725508], [-116.3727096, 43.6725563], [-116.3726994, 43.6725664], [-116.3726945, 43.6725837], [-116.3727007, 43.6725971], [-116.3727204, 43.6726105], [-116.3727457, 43.6726212], [-116.372762, 43.6726312], [-116.3727799, 43.6726323], [-116.3728002, 43.6726221]]]}}, {"type": "Feature", "properties": {"osm_type": "way", "osm_id": 1248189651, "golf": "tee", "leisure": null, "feature_type": "tee", "hole_number": null, "name": null, "par": null, "handicap": null, "ref": null, "tee": null, "surface": null, "source": "openstreetmap"}, "geometry": {"type": "Polygon", "coordinates": [[[-116.3731548, 43.6731825], [-116.3731455, 43.6730191], [-116.373067, 43.6730204], [-116.3730819, 43.6731839], [-116.3731548, 43.6731825]]]}}, {"type": "Feature", "properties": {"osm_type": "way", "osm_id": 1248189652, "golf": "tee", "leisure": null, "feature_type": "tee", "hole_number": null, "name": null, "par": null, "handicap": null, "ref": null, "tee": null, "surface": null, "source": "openstreetmap"}, "geometry": {"type": "Polygon", "coordinates": [[[-116.373024, 43.6732109], [-116.3730054, 43.673038], [-116.3728989, 43.6730488], [-116.3729381, 43.6732285], [-116.373024, 43.6732109]]]}}, {"type": "Feature", "properties": {"osm_type": "way", "osm_id": 1248189653, "golf": "tee", "leisure": null, "feature_type": "tee", "hole_number": null, "name": null, "par": null, "handicap": null, "ref": null, "tee": null, "surface": null, "source": "openstreetmap"}, "geometry": {"type": "Polygon", "coordinates": [[[-116.3723478, 43.6735338], [-116.3723983, 43.673423], [-116.3723179, 43.6734001], [-116.37226, 43.6735122], [-116.3723478, 43.6735338]]]}}, {"type": "Feature", "properties": {"osm_type": "way", "osm_id": 1248189654, "golf": "tee", "leisure": null, "feature_type": "tee", "hole_number": null, "name": null, "par": null, "handicap": null, "ref": null, "tee": null, "surface": null, "source": "openstreetmap"}, "geometry": {"type": "Polygon", "coordinates": [[[-116.3724206, 43.6733065], [-116.3724551, 43.6733021], [-116.3724735, 43.6732798], [-116.37246, 43.6732557], [-116.3724316, 43.6732388], [-116.3723984, 43.6732432], [-116.3723873, 43.6732771], [-116.3723971, 43.6733003], [-116.3724206, 43.6733065]]]}}, {"type": "Feature", "properties": {"osm_type": "way", "osm_id": 1248189655, "golf": "fairway", "leisure": null, "feature_type": "fairway", "hole_number": null, "name": null, "par": null, "handicap": null, "ref": null, "tee": null, "surface": null, "source": "openstreetmap"}, "geometry": {"type": "Polygon", "coordinates": [[[-116.3715617, 43.673543], [-116.3715999, 43.6735046], [-116.3716147, 43.6734431], [-116.3716036, 43.6733674], [-116.3715654, 43.6733174], [-116.3715185, 43.6732613], [-116.3714659, 43.6732179], [-116.3714107, 43.6731892], [-116.3714381, 43.6732124], [-116.3714563, 43.6732392], [-116.3714552, 43.673264], [-116.3714397, 43.6732881], [-116.3714139, 43.6733021], [-116.3713882, 43.6733087], [-116.3713603, 43.6733094], [-116.3713308, 43.6733036], [-116.3713029, 43.6732928], [-116.3712787, 43.6732803], [-116.3712487, 43.6732706], [-116.3712068, 43.6732625], [-116.371239, 43.6732877], [-116.3712948, 43.673337], [-116.3713152, 43.6733766], [-116.3713184, 43.6734126], [-116.3713313, 43.6734398], [-116.3713635, 43.6734802], [-116.3714026, 43.6735139], [-116.3714391, 43.6735372], [-116.3714987, 43.6735469], [-116.3715617, 43.673543]]]}}, {"type": "Feature", "properties": {"osm_type": "way", "osm_id": 1248189656, "golf": "green", "leisure": null, "feature_type": "green", "hole_number": null, "name": null, "par": null, "handicap": null, "ref": null, "tee": null, "surface": null, "source": "openstreetmap"}, "geometry": {"type": "Polygon", "coordinates": [[[-116.3714107, 43.6731892], [-116.3713817, 43.6731678], [-116.3713495, 43.6731492], [-116.3713152, 43.6731376], [-116.371275, 43.6731345], [-116.3712278, 43.6731286], [-116.3711972, 43.6731193], [-116.3711655, 43.6731034], [-116.3711328, 43.6730933], [-116.3711001, 43.6730929], [-116.3710588, 43.6731003], [-116.3710277, 43.6731189], [-116.37101, 43.6731364], [-116.370996, 43.6731729], [-116.3709944, 43.6732043], [-116.3709923, 43.6732396], [-116.3710019, 43.6732602], [-116.3710207, 43.6732749], [-116.3710507, 43.6732834], [-116.3710861, 43.6732827], [-116.3711312, 43.6732749], [-116.3711682, 43.673266], [-116.3712068, 43.6732625], [-116.3712487, 43.6732706], [-116.3712787, 43.6732803], [-116.3713029, 43.6732928], [-116.3713308, 43.6733036], [-116.3713603, 43.6733094], [-116.3713882, 43.6733087], [-116.3714139, 43.6733021], [-116.3714397, 43.6732881], [-116.3714552, 43.673264], [-116.3714563, 43.6732392], [-116.3714381, 43.6732124], [-116.3714107, 43.6731892]]]}}, {"type": "Feature", "properties": {"osm_type": "way", "osm_id": 1248189657, "golf": "bunker", "leisure": null, "feature_type": "bunker", "hole_number": null, "name": null, "par": null, "handicap": null, "ref": null, "tee": null, "surface": null, "source": "openstreetmap"}, "geometry": {"type": "Polygon", "coordinates": [[[-116.3712529, 43.6734383], [-116.3712571, 43.6734265], [-116.371255, 43.6734099], [-116.3712458, 43.673396], [-116.3712394, 43.673384], [-116.3712398, 43.6733694], [-116.3712465, 43.6733587], [-116.3712518, 43.6733505], [-116.3712564, 43.6733374], [-116.3712426, 43.6733297], [-116.3712292, 43.6733159], [-116.3712147, 43.6733057], [-116.3711987, 43.6732983], [-116.3711835, 43.6732975], [-116.3711651, 43.6733016], [-116.3711531, 43.6733108], [-116.3711425, 43.6733213], [-116.3711301, 43.6733313], [-116.3711156, 43.6733405], [-116.3711057, 43.6733448], [-116.3710996, 43.6733487], [-116.3710965, 43.6733587], [-116.3710965, 43.6733712], [-116.3711039, 43.6733825], [-116.3711163, 43.6733896], [-116.3711311, 43.673394], [-116.3711481, 43.6733971], [-116.371158, 43.6734047], [-116.3711616, 43.6734168], [-116.3711626, 43.6734303], [-116.3711648, 43.6734426], [-116.3711687, 43.6734531], [-116.3711839, 43.6734621], [-116.3712002, 43.6734649], [-116.3712193, 43.6734649], [-116.3712352, 43.6734567], [-116.3712469, 43.6734501], [-116.3712529, 43.6734383]]]}}, {"type": "Feature", "properties": {"osm_type": "way", "osm_id": 1248189658, "golf": "bunker", "leisure": null, "feature_type": "bunker", "hole_number": null, "name": null, "par": null, "handicap": null, "ref": null, "tee": null, "surface": null, "source": "openstreetmap"}, "geometry": {"type": "Polygon", "coordinates": [[[-116.3709464, 43.6732394], [-116.3709432, 43.6732176], [-116.3709418, 43.6732015], [-116.3709443, 43.6731879], [-116.3709489, 43.6731782], [-116.3709496, 43.6731644], [-116.3709432, 43.6731508], [-116.3709276, 43.6731344], [-116.3709156, 43.673128], [-116.3709032, 43.6731247], [-116.3708845, 43.6731234], [-116.3708714, 43.6731232], [-116.3708498, 43.6731203], [-116.3708282, 43.673118], [-116.3708094, 43.6731188], [-116.3707932, 43.6731244], [-116.3707864, 43.6731344], [-116.3707822, 43.6731475], [-116.3707868, 43.6731621], [-116.3707981, 43.6731721], [-116.370813, 43.6731785], [-116.3708321, 43.6731813], [-116.3708554, 43.6731836], [-116.3708714, 43.6731884], [-116.3708813, 43.6731971], [-116.3708869, 43.673211], [-116.370882, 43.6732215], [-116.3708774, 43.673234], [-116.370876, 43.6732448], [-116.370883, 43.6732517], [-116.3708954, 43.6732581], [-116.3709124, 43.6732609], [-116.3709276, 43.673257], [-116.3709411, 43.6732501], [-116.3709464, 43.6732394]]]}}, {"type": "Feature", "properties": {"osm_type": "way", "osm_id": 1248189659, "golf": "tee", "leisure": null, "feature_type": "tee", "hole_number": null, "name": null, "par": null, "handicap": null, "ref": null, "tee": null, "surface": null, "source": "openstreetmap"}, "geometry": {"type": "Polygon", "coordinates": [[[-116.3705025, 43.6732142], [-116.3705417, 43.6731602], [-116.3703699, 43.6730926], [-116.3703306, 43.6731521], [-116.3705025, 43.6732142]]]}}, {"type": "Feature", "properties": {"osm_type": "way", "osm_id": 1248189660, "golf": "tee", "leisure": null, "feature_type": "tee", "hole_number": null, "name": null, "par": null, "handicap": null, "ref": null, "tee": null, "surface": null, "source": "openstreetmap"}, "geometry": {"type": "Polygon", "coordinates": [[[-116.3701513, 43.6730615], [-116.3702428, 43.6728859], [-116.3700019, 43.6728089], [-116.3699159, 43.6729426], [-116.3700019, 43.6729818], [-116.370056, 43.6730291], [-116.3701513, 43.6730615]]]}}, {"type": "Feature", "properties": {"osm_type": "way", "osm_id": 1248189661, "golf": "tee", "leisure": null, "feature_type": "tee", "hole_number": null, "name": null, "par": null, "handicap": null, "ref": null, "tee": null, "surface": null, "source": "openstreetmap"}, "geometry": {"type": "Polygon", "coordinates": [[[-116.3697553, 43.6728386], [-116.3698001, 43.6727494], [-116.3697067, 43.672717], [-116.3696507, 43.6728116], [-116.3697553, 43.6728386]]]}}, {"type": "Feature", "properties": {"osm_type": "way", "osm_id": 1248189662, "golf": "fairway", "leisure": null, "feature_type": "fairway", "hole_number": null, "name": null, "par": null, "handicap": null, "ref": null, "tee": null, "surface": null, "source": "openstreetmap"}, "geometry": {"type": "Polygon", "coordinates": [[[-116.369321, 43.6726393], [-116.3693406, 43.6726111], [-116.3693365, 43.6725699], [-116.3692796, 43.6725276], [-116.3691918, 43.6725005], [-116.3691105, 43.6724711], [-116.36903, 43.6724194], [-116.3689308, 43.6723535], [-116.3688267, 43.6722918], [-116.3687405, 43.6722441], [-116.3686226, 43.6721906], [-116.3685226, 43.6721571], [-116.3684161, 43.6721141], [-116.3682795, 43.6720471], [-116.3681982, 43.6720036], [-116.3680949, 43.6719748], [-116.3679924, 43.6719606], [-116.3678461, 43.6719918], [-116.367716, 43.6720153], [-116.3676054, 43.6720359], [-116.3674973, 43.6720542], [-116.3673794, 43.6720624], [-116.3673184, 43.6720436], [-116.3672704, 43.6719906], [-116.3672525, 43.6719465], [-116.3672224, 43.6719118], [-116.367185, 43.6718995], [-116.3671582, 43.6719036], [-116.3671224, 43.6719124], [-116.367085, 43.6719283], [-116.3671119, 43.6719271], [-116.3671354, 43.6719265], [-116.3671607, 43.6719361], [-116.3671799, 43.6719476], [-116.3671915, 43.6719611], [-116.3671981, 43.671978], [-116.3671948, 43.6719973], [-116.3671817, 43.6720121], [-116.367163, 43.672026], [-116.3671439, 43.6720365], [-116.3671219, 43.6720405], [-116.3671733, 43.672049], [-116.3672228, 43.6720608], [-116.3672644, 43.6720837], [-116.3673017, 43.6721162], [-116.3673433, 43.6721635], [-116.3674054, 43.6722037], [-116.3674633, 43.67223], [-116.3675217, 43.6722597], [-116.3675801, 43.6722834], [-116.367737, 43.6723293], [-116.3678603, 43.6723573], [-116.3680947, 43.6724094], [-116.3682049, 43.6724435], [-116.3683828, 43.6724884], [-116.368544, 43.6725283], [-116.3687849, 43.672587], [-116.3689741, 43.6726302], [-116.3691229, 43.6726614], [-116.3691888, 43.6726702], [-116.369249, 43.6726702], [-116.3692978, 43.6726584], [-116.369321, 43.6726393]]]}}, {"type": "Feature", "properties": {"osm_type": "way", "osm_id": 1248189663, "golf": "green", "leisure": null, "feature_type": "green", "hole_number": null, "name": null, "par": null, "handicap": null, "ref": null, "tee": null, "surface": null, "source": "openstreetmap"}, "geometry": {"type": "Polygon", "coordinates": [[[-116.367085, 43.6719283], [-116.3670592, 43.6719321], [-116.3670316, 43.6719347], [-116.3670007, 43.6719321], [-116.3669811, 43.671928], [-116.366945, 43.671923], [-116.3669222, 43.6719265], [-116.3668885, 43.671945], [-116.3668584, 43.67197], [-116.3668242, 43.6720006], [-116.3668063, 43.6720227], [-116.3667986, 43.6720421], [-116.3668023, 43.6720571], [-116.3668124, 43.672075], [-116.3668401, 43.6720815], [-116.3668714, 43.6720847], [-116.3669039, 43.672075], [-116.3669324, 43.6720721], [-116.3669596, 43.6720715], [-116.3669775, 43.6720668], [-116.3669933, 43.6720521], [-116.3670202, 43.6720468], [-116.3670564, 43.6720435], [-116.367095, 43.6720403], [-116.3671219, 43.6720405], [-116.3671439, 43.6720365], [-116.367163, 43.672026], [-116.3671817, 43.6720121], [-116.3671948, 43.6719973], [-116.3671981, 43.671978], [-116.3671915, 43.6719611], [-116.3671799, 43.6719476], [-116.3671607, 43.6719361], [-116.3671354, 43.6719265], [-116.3671119, 43.6719271], [-116.367085, 43.6719283]]]}}, {"type": "Feature", "properties": {"osm_type": "way", "osm_id": 1248189664, "golf": "bunker", "leisure": null, "feature_type": "bunker", "hole_number": null, "name": null, "par": null, "handicap": null, "ref": null, "tee": null, "surface": null, "source": "openstreetmap"}, "geometry": {"type": "Polygon", "coordinates": [[[-116.3676914, 43.6719877], [-116.3677085, 43.6719824], [-116.367715, 43.6719694], [-116.367704, 43.67196], [-116.3676865, 43.6719491], [-116.3676662, 43.6719418], [-116.3676536, 43.6719312], [-116.3676467, 43.6719186], [-116.3676353, 43.6719065], [-116.3676129, 43.6718986], [-116.367595, 43.6718989], [-116.3675857, 43.6719045], [-116.3675837, 43.6719194], [-116.3675812, 43.6719321], [-116.367569, 43.6719406], [-116.3675576, 43.6719483], [-116.3675552, 43.6719559], [-116.3675641, 43.6719703], [-116.3675812, 43.6719788], [-116.3675902, 43.6719818], [-116.3676101, 43.67198], [-116.36763, 43.6719809], [-116.3676507, 43.6719871], [-116.3676601, 43.6719933], [-116.3676796, 43.6719936], [-116.3676914, 43.6719877]]]}}, {"type": "Feature", "properties": {"osm_type": "way", "osm_id": 1248189665, "golf": "bunker", "leisure": null, "feature_type": "bunker", "hole_number": null, "name": null, "par": null, "handicap": null, "ref": null, "tee": null, "surface": null, "source": "openstreetmap"}, "geometry": {"type": "Polygon", "coordinates": [[[-116.3674865, 43.6720171], [-116.3674962, 43.6720118], [-116.3674995, 43.6720018], [-116.3674881, 43.6719918], [-116.3674775, 43.671983], [-116.3674605, 43.6719794], [-116.3674442, 43.6719753], [-116.3674275, 43.6719691], [-116.3674121, 43.6719609], [-116.367393, 43.6719577], [-116.3673816, 43.6719603], [-116.3673722, 43.6719715], [-116.3673629, 43.6719844], [-116.3673576, 43.6719912], [-116.3673588, 43.6719977], [-116.367369, 43.6720091], [-116.3673832, 43.6720174], [-116.3673995, 43.6720218], [-116.3674125, 43.6720215], [-116.367421, 43.6720168], [-116.3674369, 43.6720165], [-116.3674483, 43.6720206], [-116.3674637, 43.6720212], [-116.3674747, 43.6720212], [-116.3674865, 43.6720171]]]}}, {"type": "Feature", "properties": {"osm_type": "way", "osm_id": 1248189666, "golf": "bunker", "leisure": null, "feature_type": "bunker", "hole_number": null, "name": null, "par": null, "handicap": null, "ref": null, "tee": null, "surface": null, "source": "openstreetmap"}, "geometry": {"type": "Polygon", "coordinates": [[[-116.3671006, 43.6718838], [-116.3671063, 43.6718747], [-116.3671046, 43.6718638], [-116.3670888, 43.6718529], [-116.367075, 43.6718441], [-116.3670518, 43.6718432], [-116.3670319, 43.6718447], [-116.3670107, 43.6718464], [-116.3670006, 43.671857], [-116.3669977, 43.6718711], [-116.3670063, 43.6718853], [-116.3670144, 43.6718938], [-116.3670221, 43.671902], [-116.3670319, 43.6719038], [-116.3670473, 43.6719029], [-116.3670575, 43.6718976], [-116.3670717, 43.6718982], [-116.3670855, 43.6718976], [-116.3671006, 43.6718838]]]}}, {"type": "Feature", "properties": {"osm_type": "way", "osm_id": 1248189667, "golf": "bunker", "leisure": null, "feature_type": "bunker", "hole_number": null, "name": null, "par": null, "handicap": null, "ref": null, "tee": null, "surface": null, "source": "openstreetmap"}, "geometry": {"type": "Polygon", "coordinates": [[[-116.3667961, 43.6719635], [-116.3668066, 43.671957], [-116.3668131, 43.6719467], [-116.3668184, 43.6719403], [-116.36684, 43.6719335], [-116.3668534, 43.6719264], [-116.3668636, 43.6719147], [-116.3668668, 43.6719011], [-116.3668701, 43.6718894], [-116.3668603, 43.6718814], [-116.3668416, 43.6718756], [-116.3668184, 43.6718729], [-116.3668038, 43.6718723], [-116.3667904, 43.6718679], [-116.366779, 43.6718676], [-116.3667627, 43.671872], [-116.3667509, 43.6718835], [-116.3667448, 43.6718985], [-116.3667392, 43.6719073], [-116.3667278, 43.6719164], [-116.3667209, 43.6719317], [-116.3667294, 43.6719473], [-116.3667416, 43.6719591], [-116.3667627, 43.6719655], [-116.3667794, 43.6719661], [-116.3667961, 43.6719635]]]}}, {"type": "Feature", "properties": {"osm_type": "way", "osm_id": 1248189668, "golf": "tee", "leisure": null, "feature_type": "tee", "hole_number": null, "name": null, "par": null, "handicap": null, "ref": null, "tee": null, "surface": null, "source": "openstreetmap"}, "geometry": {"type": "Polygon", "coordinates": [[[-116.3673077, 43.6725949], [-116.3673346, 43.6725565], [-116.3671527, 43.6724859], [-116.3671131, 43.6725355], [-116.3673077, 43.6725949]]]}}, {"type": "Feature", "properties": {"osm_type": "way", "osm_id": 1248189669, "golf": "tee", "leisure": null, "feature_type": "tee", "hole_number": null, "name": null, "par": null, "handicap": null, "ref": null, "tee": null, "surface": null, "source": "openstreetmap"}, "geometry": {"type": "Polygon", "coordinates": [[[-116.3670784, 43.6725248], [-116.3671166, 43.6724746], [-116.3669595, 43.6724096], [-116.3669149, 43.6724715], [-116.3670784, 43.6725248]]]}}, {"type": "Feature", "properties": {"osm_type": "way", "osm_id": 1248189670, "golf": "tee", "leisure": null, "feature_type": "tee", "hole_number": null, "name": null, "par": null, "handicap": null, "ref": null, "tee": null, "surface": null, "source": "openstreetmap"}, "geometry": {"type": "Polygon", "coordinates": [[[-116.3668703, 43.6724746], [-116.3669305, 43.6723973], [-116.3667861, 43.6723394], [-116.3667231, 43.6724219], [-116.3668703, 43.6724746]]]}}, {"type": "Feature", "properties": {"osm_type": "way", "osm_id": 1248189671, "golf": "tee", "leisure": null, "feature_type": "tee", "hole_number": null, "name": null, "par": null, "handicap": null, "ref": null, "tee": null, "surface": null, "source": "openstreetmap"}, "geometry": {"type": "Polygon", "coordinates": [[[-116.3666006, 43.6723737], [-116.366653, 43.6723016], [-116.3665362, 43.6722524], [-116.366481, 43.6723277], [-116.3666006, 43.6723737]]]}}, {"type": "Feature", "properties": {"osm_type": "way", "osm_id": 1248189672, "golf": "fairway", "leisure": null, "feature_type": "fairway", "hole_number": null, "name": null, "par": null, "handicap": null, "ref": null, "tee": null, "surface": null, "source": "openstreetmap"}, "geometry": {"type": "Polygon", "coordinates": [[[-116.3661142, 43.6719366], [-116.3661462, 43.6718608], [-116.3661339, 43.6717797], [-116.366007, 43.6717022], [-116.3658172, 43.6716478], [-116.3655411, 43.6715622], [-116.3653464, 43.6715105], [-116.3650827, 43.6714739], [-116.3648621, 43.6714508], [-116.364618, 43.6714124], [-116.3644664, 43.6713839], [-116.3643642, 43.6713429], [-116.3642939, 43.6712743], [-116.3642126, 43.6711914], [-116.3640906, 43.6711361], [-116.3638749, 43.6711299], [-116.3636789, 43.6711459], [-116.3634337, 43.6711691], [-116.3632032, 43.67117], [-116.3629875, 43.671129], [-116.3627904, 43.6710327], [-116.3626363, 43.6710006], [-116.3624588, 43.6710006], [-116.3623448, 43.671033], [-116.36229, 43.6710633], [-116.3622771, 43.6710865], [-116.3622709, 43.6711034], [-116.362253, 43.6711182], [-116.3622234, 43.6711275], [-116.3621865, 43.6711306], [-116.3621359, 43.6711306], [-116.3621791, 43.6711418], [-116.3622148, 43.6711569], [-116.3622388, 43.6711739], [-116.3622444, 43.6711913], [-116.3622395, 43.6712113], [-116.3622253, 43.6712291], [-116.3622068, 43.6712474], [-116.3622524, 43.6712207], [-116.3622826, 43.671202], [-116.3623362, 43.6711917], [-116.3624077, 43.6711962], [-116.3626166, 43.6712296], [-116.3628095, 43.6712857], [-116.3629752, 43.671345], [-116.3631052, 43.671407], [-116.363202, 43.6714435], [-116.3633129, 43.6714645], [-116.3634405, 43.6714725], [-116.3636148, 43.6714743], [-116.3638022, 43.6715171], [-116.363992, 43.6715719], [-116.3641873, 43.6716468], [-116.3643198, 43.6717016], [-116.3644726, 43.6717239], [-116.3646642, 43.6717586], [-116.3648399, 43.6718054], [-116.3650839, 43.6718589], [-116.3653026, 43.671912], [-116.3654555, 43.671945], [-116.3656169, 43.6719819], [-116.3657291, 43.6720047], [-116.3658542, 43.6720216], [-116.365946, 43.6720261], [-116.3660402, 43.6720002], [-116.3660821, 43.6719775], [-116.3661142, 43.6719366]]]}}, {"type": "Feature", "properties": {"osm_type": "way", "osm_id": 1248189673, "golf": "green", "leisure": null, "feature_type": "green", "hole_number": null, "name": null, "par": null, "handicap": null, "ref": null, "tee": null, "surface": null, "source": "openstreetmap"}, "geometry": {"type": "Polygon", "coordinates": [[[-116.3621359, 43.6711306], [-116.362098, 43.6711255], [-116.3620771, 43.6711215], [-116.3620432, 43.6711264], [-116.3620192, 43.6711504], [-116.3620062, 43.6711803], [-116.3619958, 43.6712119], [-116.3619822, 43.6712356], [-116.3619563, 43.6712628], [-116.3619372, 43.6712882], [-116.3619206, 43.6713171], [-116.3619187, 43.6713457], [-116.3619317, 43.6713648], [-116.3619637, 43.6713831], [-116.3619902, 43.6713889], [-116.3620247, 43.6713876], [-116.3620531, 43.6713813], [-116.3620894, 43.6713666], [-116.3621116, 43.6713416], [-116.3621258, 43.6713185], [-116.362135, 43.6712957], [-116.3621615, 43.6712708], [-116.3621868, 43.6712574], [-116.3622068, 43.6712474], [-116.3622253, 43.6712291], [-116.3622395, 43.6712113], [-116.3622444, 43.6711913], [-116.3622388, 43.6711739], [-116.3622148, 43.6711569], [-116.3621791, 43.6711418], [-116.3621359, 43.6711306]]]}}, {"type": "Feature", "properties": {"osm_type": "way", "osm_id": 1248189674, "golf": "bunker", "leisure": null, "feature_type": "bunker", "hole_number": null, "name": null, "par": null, "handicap": null, "ref": null, "tee": null, "surface": null, "source": "openstreetmap"}, "geometry": {"type": "Polygon", "coordinates": [[[-116.3648919, 43.6714091], [-116.3648741, 43.67137], [-116.3648424, 43.6713288], [-116.364806, 43.6713206], [-116.3647826, 43.6713166], [-116.3647611, 43.6712997], [-116.3647312, 43.6712767], [-116.364707, 43.6712754], [-116.3646957, 43.6712902], [-116.3647004, 43.6713281], [-116.364707, 43.6713504], [-116.3647322, 43.6713781], [-116.3647499, 43.6713896], [-116.364777, 43.6713929], [-116.3648032, 43.671401], [-116.3648312, 43.6714213], [-116.3648657, 43.6714213], [-116.3648797, 43.6714186], [-116.3648919, 43.6714091]]]}}, {"type": "Feature", "properties": {"osm_type": "way", "osm_id": 1248189675, "golf": "bunker", "leisure": null, "feature_type": "bunker", "hole_number": null, "name": null, "par": null, "handicap": null, "ref": null, "tee": null, "surface": null, "source": "openstreetmap"}, "geometry": {"type": "Polygon", "coordinates": [[[-116.3646305, 43.6713758], [-116.3646272, 43.6713564], [-116.3646248, 43.6713435], [-116.364613, 43.671334], [-116.3645935, 43.6713279], [-116.3645719, 43.6713226], [-116.3645614, 43.6713061], [-116.3645479, 43.6712955], [-116.3645333, 43.6712876], [-116.3645183, 43.6712708], [-116.3644963, 43.6712658], [-116.3644776, 43.6712667], [-116.3644687, 43.6712732], [-116.3644569, 43.6712896], [-116.3644431, 43.6713029], [-116.3644341, 43.6713126], [-116.3644337, 43.6713305], [-116.3644496, 43.6713479], [-116.3644813, 43.6713596], [-116.3644955, 43.671364], [-116.364515, 43.6713623], [-116.364539, 43.6713693], [-116.3645593, 43.6713793], [-116.3645776, 43.6713858], [-116.364613, 43.6713858], [-116.3646305, 43.6713758]]]}}, {"type": "Feature", "properties": {"osm_type": "way", "osm_id": 1248189676, "golf": "bunker", "leisure": null, "feature_type": "bunker", "hole_number": null, "name": null, "par": null, "handicap": null, "ref": null, "tee": null, "surface": null, "source": "openstreetmap"}, "geometry": {"type": "Polygon", "coordinates": [[[-116.3622169, 43.6711053], [-116.3622293, 43.6710921], [-116.362225, 43.6710723], [-116.3622116, 43.6710634], [-116.3621853, 43.6710622], [-116.3621617, 43.6710584], [-116.3621392, 43.6710448], [-116.3621156, 43.6710425], [-116.3620802, 43.6710413], [-116.3620651, 43.6710494], [-116.3620619, 43.6710673], [-116.3620743, 43.6710816], [-116.3621038, 43.6710948], [-116.3621241, 43.6710964], [-116.3621424, 43.6710968], [-116.3621649, 43.6711022], [-116.3621821, 43.6711139], [-116.3622014, 43.6711139], [-116.3622169, 43.6711053]]]}}, {"type": "Feature", "properties": {"osm_type": "way", "osm_id": 1248189677, "golf": "bunker", "leisure": null, "feature_type": "bunker", "hole_number": null, "name": null, "par": null, "handicap": null, "ref": null, "tee": null, "surface": null, "source": "openstreetmap"}, "geometry": {"type": "Polygon", "coordinates": [[[-116.3619004, 43.6712334], [-116.3619214, 43.6712248], [-116.3619412, 43.6712046], [-116.3619519, 43.6711829], [-116.3619477, 43.6711631], [-116.361938, 43.6711534], [-116.361916, 43.6711453], [-116.3618967, 43.6711527], [-116.3618897, 43.671167], [-116.3618903, 43.671179], [-116.3618811, 43.6711856], [-116.3618726, 43.6711946], [-116.3618667, 43.6712089], [-116.3618709, 43.6712229], [-116.3618801, 43.6712326], [-116.3619004, 43.6712334]]]}}, {"type": "Feature", "properties": {"osm_type": "way", "osm_id": 1248189678, "golf": "bunker", "leisure": null, "feature_type": "bunker", "hole_number": null, "name": null, "par": null, "handicap": null, "ref": null, "tee": null, "surface": null, "source": "openstreetmap"}, "geometry": {"type": "Polygon", "coordinates": [[[-116.3618527, 43.6713502], [-116.3618672, 43.6713319], [-116.3618758, 43.6713137], [-116.361879, 43.6712951], [-116.3618699, 43.6712791], [-116.3618468, 43.6712729], [-116.361828, 43.6712737], [-116.3618135, 43.6712819], [-116.3618114, 43.6712947], [-116.3618007, 43.6713094], [-116.3617974, 43.6713323], [-116.3618023, 43.6713459], [-116.3618173, 43.6713571], [-116.3618377, 43.6713583], [-116.3618527, 43.6713502]]]}}, {"type": "Feature", "properties": {"osm_type": "way", "osm_id": 1265928635, "golf": "hole", "leisure": null, "feature_type": "hole", "hole_number": 2, "name": null, "par": "5", "handicap": "10", "ref": "2", "tee": null, "surface": null, "source": "openstreetmap"}, "geometry": {"type": "LineString", "coordinates": [[-116.365076, 43.671248], [-116.3688242, 43.6716798], [-116.3708594, 43.6723039]]}}, {"type": "Feature", "properties": {"osm_type": "way", "osm_id": 1265928636, "golf": "hole", "leisure": null, "feature_type": "hole", "hole_number": 3, "name": null, "par": "3", "handicap": "14", "ref": "3", "tee": null, "surface": null, "source": "openstreetmap"}, "geometry": {"type": "LineString", "coordinates": [[-116.3705973, 43.6727117], [-116.3726761, 43.6726966]]}}, {"type": "Feature", "properties": {"osm_type": "way", "osm_id": 1265928637, "golf": "hole", "leisure": null, "feature_type": "hole", "hole_number": 4, "name": null, "par": "5", "handicap": "12", "ref": "4", "tee": null, "surface": null, "source": "openstreetmap"}, "geometry": {"type": "LineString", "coordinates": [[-116.3731033, 43.6711394], [-116.3698634, 43.6703054], [-116.3680039, 43.6694567]]}}, {"type": "Feature", "properties": {"osm_type": "way", "osm_id": 1265928638, "golf": "hole", "leisure": null, "feature_type": "hole", "hole_number": 5, "name": null, "par": "3", "handicap": "18", "ref": "5", "tee": null, "surface": null, "source": "openstreetmap"}, "geometry": {"type": "LineString", "coordinates": [[-116.3675573, 43.6691674], [-116.3656125, 43.6689853]]}}, {"type": "Feature", "properties": {"osm_type": "way", "osm_id": 1265928639, "golf": "hole", "leisure": null, "feature_type": "hole", "hole_number": 6, "name": null, "par": "4", "handicap": "8", "ref": "6", "tee": null, "surface": null, "source": "openstreetmap"}, "geometry": {"type": "LineString", "coordinates": [[-116.3661403, 43.6694765], [-116.3627746, 43.6686395], [-116.3610003, 43.6682607]]}}, {"type": "Feature", "properties": {"osm_type": "way", "osm_id": 1265928640, "golf": "hole", "leisure": null, "feature_type": "hole", "hole_number": 7, "name": null, "par": "4", "handicap": "4", "ref": "7", "tee": null, "surface": null, "source": "openstreetmap"}, "geometry": {"type": "LineString", "coordinates": [[-116.3615647, 43.6688723], [-116.3588566, 43.6684024], [-116.3571961, 43.6675536]]}}, {"type": "Feature", "properties": {"osm_type": "way", "osm_id": 1265928641, "golf": "hole", "leisure": null, "feature_type": "hole", "hole_number": 8, "name": null, "par": "3", "handicap": "6", "ref": "8", "tee": null, "surface": null, "source": "openstreetmap"}, "geometry": {"type": "LineString", "coordinates": [[-116.3550889, 43.6663429], [-116.3552473, 43.6681608]]}}, {"type": "Feature", "properties": {"osm_type": "way", "osm_id": 1265928642, "golf": "hole", "leisure": null, "feature_type": "hole", "hole_number": 9, "name": null, "par": "4", "handicap": "2", "ref": "9", "tee": null, "surface": null, "source": "openstreetmap"}, "geometry": {"type": "LineString", "coordinates": [[-116.3561608, 43.6695756], [-116.3584628, 43.670298], [-116.3605375, 43.6703979]]}}, {"type": "Feature", "properties": {"osm_type": "way", "osm_id": 1265928643, "golf": "tee", "leisure": null, "feature_type": "tee", "hole_number": null, "name": null, "par": null, "handicap": null, "ref": null, "tee": null, "surface": null, "source": "openstreetmap"}, "geometry": {"type": "Polygon", "coordinates": [[[-116.3652855, 43.6734683], [-116.3652893, 43.6734078], [-116.3651715, 43.6734032], [-116.3651626, 43.6734637], [-116.3652855, 43.6734683]]]}}, {"type": "Feature", "properties": {"osm_type": "way", "osm_id": 1265928644, "golf": "tee", "leisure": null, "feature_type": "tee", "hole_number": null, "name": null, "par": null, "handicap": null, "ref": null, "tee": null, "surface": null, "source": "openstreetmap"}, "geometry": {"type": "Polygon", "coordinates": [[[-116.3656821, 43.6734958], [-116.3656973, 43.6734408], [-116.3655136, 43.6734133], [-116.3654996, 43.6734628], [-116.3656821, 43.6734958]]]}}, {"type": "Feature", "properties": {"osm_type": "way", "osm_id": 1265928645, "golf": "tee", "leisure": null, "feature_type": "tee", "hole_number": null, "name": null, "par": null, "handicap": null, "ref": null, "tee": null, "surface": null, "source": "openstreetmap"}, "geometry": {"type": "Polygon", "coordinates": [[[-116.3661826, 43.6735379], [-116.3662092, 43.6734811], [-116.3660052, 43.6734326], [-116.3659799, 43.673494], [-116.3661826, 43.6735379]]]}}, {"type": "Feature", "properties": {"osm_type": "way", "osm_id": 1265928646, "golf": "tee", "leisure": null, "feature_type": "tee", "hole_number": null, "name": null, "par": null, "handicap": null, "ref": null, "tee": null, "surface": null, "source": "openstreetmap"}, "geometry": {"type": "Polygon", "coordinates": [[[-116.3664842, 43.6735645], [-116.366512, 43.6735095], [-116.366308, 43.6734564], [-116.3662827, 43.6735123], [-116.3664842, 43.6735645]]]}}, {"type": "Feature", "properties": {"osm_type": "way", "osm_id": 1265928647, "golf": "fairway", "leisure": null, "feature_type": "fairway", "hole_number": null, "name": null, "par": null, "handicap": null, "ref": null, "tee": null, "surface": null, "source": "openstreetmap"}, "geometry": {"type": "Polygon", "coordinates": [[[-116.3665391, 43.6736116], [-116.3665119, 43.6736765], [-116.3665224, 43.6737188], [-116.3665578, 43.673755], [-116.3675847, 43.6741898], [-116.3678957, 43.6743377], [-116.368096, 43.6744675], [-116.3682171, 43.6745113], [-116.3683444, 43.6744917], [-116.3684905, 43.6744419], [-116.3685353, 43.6744032], [-116.3685338, 43.6743559], [-116.3684807, 43.6743137], [-116.3683892, 43.6742608], [-116.3683315, 43.6742007], [-116.3683238, 43.6741629], [-116.3683484, 43.6741373], [-116.3684022, 43.6741173], [-116.368493, 43.674139], [-116.3685822, 43.6741746], [-116.3686807, 43.6742441], [-116.3687974, 43.6743566], [-116.3688812, 43.6744042], [-116.3689665, 43.6744172], [-116.3691535, 43.6744172], [-116.3692672, 43.6744312], [-116.369443, 43.6744906], [-116.3695298, 43.6745108], [-116.3695915, 43.6745088], [-116.3696615, 43.6745061], [-116.3697049, 43.6745021], [-116.3696442, 43.6744818], [-116.3696153, 43.6744598], [-116.3695849, 43.6744355], [-116.3695522, 43.6744193], [-116.3695191, 43.6744044], [-116.3695023, 43.6743818], [-116.3694897, 43.6743619], [-116.3694897, 43.6743365], [-116.3695009, 43.6743095], [-116.3695322, 43.674293], [-116.3695616, 43.6742822], [-116.3695863, 43.6742805], [-116.369534, 43.6742666], [-116.3695186, 43.6742416], [-116.3694841, 43.6742085], [-116.3694504, 43.6741923], [-116.3693187, 43.6741616], [-116.3692398, 43.6741221], [-116.3691777, 43.6740711], [-116.3691487, 43.6740363], [-116.3690941, 43.6739944], [-116.3690129, 43.6739694], [-116.3686159, 43.6739047], [-116.3682421, 43.6738571], [-116.3679976, 43.6738653], [-116.3678392, 43.6738342], [-116.3676086, 43.6737471], [-116.3672284, 43.6736527], [-116.3668382, 43.6735436], [-116.3667165, 43.6735152], [-116.3666659, 43.673507], [-116.3666317, 43.6735162], [-116.3665936, 43.6735372], [-116.3665391, 43.6736116]]]}}, {"type": "Feature", "properties": {"osm_type": "way", "osm_id": 1265928648, "golf": "green", "leisure": null, "feature_type": "green", "hole_number": null, "name": null, "par": null, "handicap": null, "ref": null, "tee": null, "surface": null, "source": "openstreetmap"}, "geometry": {"type": "Polygon", "coordinates": [[[-116.3697049, 43.6745021], [-116.3696442, 43.6744818], [-116.3696153, 43.6744598], [-116.3695849, 43.6744355], [-116.3695522, 43.6744193], [-116.3695191, 43.6744044], [-116.3695023, 43.6743818], [-116.3694897, 43.6743619], [-116.3694897, 43.6743365], [-116.3695009, 43.6743095], [-116.3695322, 43.674293], [-116.3695616, 43.6742822], [-116.3695863, 43.6742805], [-116.3696243, 43.6742847], [-116.369671, 43.6742904], [-116.3697005, 43.6742975], [-116.3697271, 43.6743195], [-116.3697504, 43.6743465], [-116.3697775, 43.6743664], [-116.3698055, 43.6743803], [-116.3698331, 43.6743948], [-116.3698653, 43.6744242], [-116.3698704, 43.6744438], [-116.369869, 43.6744681], [-116.3698546, 43.6744904], [-116.3698247, 43.6745063], [-116.3697855, 43.674511], [-116.3697383, 43.6745083], [-116.3697049, 43.6745021]]]}}, {"type": "Feature", "properties": {"osm_type": "way", "osm_id": 1265928649, "golf": "bunker", "leisure": null, "feature_type": "bunker", "hole_number": null, "name": null, "par": null, "handicap": null, "ref": null, "tee": null, "surface": null, "source": "openstreetmap"}, "geometry": {"type": "Polygon", "coordinates": [[[-116.3698532, 43.6743606], [-116.3698802, 43.6743526], [-116.3698907, 43.674333], [-116.3698797, 43.6743091], [-116.3698504, 43.674282], [-116.369824, 43.6742668], [-116.3697958, 43.6742752], [-116.3697716, 43.6742915], [-116.3697633, 43.6743155], [-116.3697749, 43.6743362], [-116.3698035, 43.6743474], [-116.36983, 43.6743558], [-116.3698532, 43.6743606]]]}}, {"type": "Feature", "properties": {"osm_type": "way", "osm_id": 1265928650, "golf": "bunker", "leisure": null, "feature_type": "bunker", "hole_number": null, "name": null, "par": null, "handicap": null, "ref": null, "tee": null, "surface": null, "source": "openstreetmap"}, "geometry": {"type": "Polygon", "coordinates": [[[-116.3696524, 43.6742632], [-116.3696789, 43.6742453], [-116.3696888, 43.6742185], [-116.36968, 43.6742014], [-116.3696557, 43.6741958], [-116.3696204, 43.6741958], [-116.3695896, 43.6742094], [-116.3695609, 43.6742273], [-116.3695537, 43.6742461], [-116.369562, 43.6742552], [-116.3695862, 43.6742548], [-116.3696061, 43.6742592], [-116.3696276, 43.674254], [-116.3696381, 43.6742608], [-116.3696524, 43.6742632]]]}}, {"type": "Feature", "properties": {"osm_type": "way", "osm_id": 1265928651, "golf": "hole", "leisure": null, "feature_type": "hole", "hole_number": 11, "name": null, "par": "4", "handicap": "15", "ref": "11", "tee": null, "surface": null, "source": "openstreetmap"}, "geometry": {"type": "LineString", "coordinates": [[-116.3652314, 43.6734346], [-116.3680241, 43.6740086], [-116.3696607, 43.6743794]]}}, {"type": "Feature", "properties": {"osm_type": "way", "osm_id": 1265928652, "golf": "tee", "leisure": null, "feature_type": "tee", "hole_number": null, "name": null, "par": null, "handicap": null, "ref": null, "tee": null, "surface": null, "source": "openstreetmap"}, "geometry": {"type": "Polygon", "coordinates": [[[-116.370055, 43.6741136], [-116.3699863, 43.6741438], [-116.3701891, 43.6744263], [-116.3702728, 43.674396], [-116.370157, 43.6742459], [-116.370055, 43.6741136]]]}}, {"type": "Feature", "properties": {"osm_type": "way", "osm_id": 1265928653, "golf": "tee", "leisure": null, "feature_type": "tee", "hole_number": null, "name": null, "par": null, "handicap": null, "ref": null, "tee": null, "surface": null, "source": "openstreetmap"}, "geometry": {"type": "Polygon", "coordinates": [[[-116.3702739, 43.6745085], [-116.3703779, 43.674656], [-116.3704691, 43.674628], [-116.370349, 43.6744775], [-116.3702739, 43.6745085]]]}}, {"type": "Feature", "properties": {"osm_type": "way", "osm_id": 1265928654, "golf": "fairway", "leisure": null, "feature_type": "fairway", "hole_number": null, "name": null, "par": null, "handicap": null, "ref": null, "tee": null, "surface": null, "source": "openstreetmap"}, "geometry": {"type": "Polygon", "coordinates": [[[-116.3704828, 43.6750712], [-116.3704069, 43.6751197], [-116.3703874, 43.6751887], [-116.3704122, 43.6752654], [-116.3705217, 43.6754111], [-116.3707055, 43.6756706], [-116.3707833, 43.6758432], [-116.3709088, 43.6759518], [-116.3710307, 43.6759876], [-116.3712127, 43.6760592], [-116.3713453, 43.6760924], [-116.3714478, 43.6760732], [-116.3715149, 43.6760042], [-116.3715184, 43.6758508], [-116.3714566, 43.6756923], [-116.3713665, 43.6755223], [-116.3713099, 43.6754699], [-116.3712357, 43.6754073], [-116.3711791, 43.6752859], [-116.3710872, 43.6752156], [-116.3709582, 43.6751939], [-116.3708345, 43.6751299], [-116.3707409, 43.6750788], [-116.3706225, 43.6750584], [-116.3704828, 43.6750712]]]}}, {"type": "Feature", "properties": {"osm_type": "way", "osm_id": 1265928655, "golf": "fairway", "leisure": null, "feature_type": "fairway", "hole_number": null, "name": null, "par": null, "handicap": null, "ref": null, "tee": null, "surface": null, "source": "openstreetmap"}, "geometry": {"type": "Polygon", "coordinates": [[[-116.3718206, 43.6757064], [-116.3717659, 43.6757601], [-116.3717871, 43.6758841], [-116.3718189, 43.676063], [-116.3719832, 43.6761819], [-116.3720628, 43.6762688], [-116.3721494, 43.676334], [-116.3724021, 43.6764337], [-116.3725576, 43.6764733], [-116.3727255, 43.6765845], [-116.3728191, 43.6765934], [-116.3729464, 43.6765538], [-116.37304, 43.6765065], [-116.3731779, 43.6765104], [-116.373314, 43.6765398], [-116.3733776, 43.6766037], [-116.3733811, 43.6766663], [-116.3733546, 43.6767481], [-116.3733776, 43.6768158], [-116.373443, 43.6768657], [-116.3735472, 43.6769143], [-116.3737072, 43.6769281], [-116.3738135, 43.6769373], [-116.3739007, 43.6769261], [-116.3739734, 43.6769038], [-116.3740015, 43.6768854], [-116.3740324, 43.6768769], [-116.3740027, 43.6768623], [-116.3739843, 43.6768453], [-116.3739793, 43.6768238], [-116.373985, 43.6767957], [-116.3740007, 43.6767773], [-116.3740195, 43.6767666], [-116.3740442, 43.6767659], [-116.3740737, 43.6767695], [-116.3740262, 43.6767492], [-116.3739933, 43.6767178], [-116.3739606, 43.6766632], [-116.3739651, 43.6766225], [-116.3739824, 43.6766015], [-116.3739669, 43.6765686], [-116.3739188, 43.6765279], [-116.3737852, 43.6764576], [-116.3736744, 43.6763643], [-116.3734028, 43.6762539], [-116.3732102, 43.6761744], [-116.3727051, 43.6759733], [-116.3724153, 43.6758511], [-116.37213, 43.6757473], [-116.3720155, 43.6757033], [-116.371951, 43.6756829], [-116.3718738, 43.6756829], [-116.3718206, 43.6757064]]]}}, {"type": "Feature", "properties": {"osm_type": "way", "osm_id": 1265928656, "golf": "bunker", "leisure": null, "feature_type": "bunker", "hole_number": null, "name": null, "par": null, "handicap": null, "ref": null, "tee": null, "surface": null, "source": "openstreetmap"}, "geometry": {"type": "Polygon", "coordinates": [[[-116.3730401, 43.6765553], [-116.3730544, 43.6765794], [-116.373065, 43.676596], [-116.373069, 43.6766063], [-116.3730686, 43.6766197], [-116.3730773, 43.6766317], [-116.3730979, 43.6766389], [-116.3731133, 43.6766366], [-116.3731311, 43.6766288], [-116.373135, 43.6766157], [-116.3731362, 43.6765994], [-116.3731406, 43.6765894], [-116.3731505, 43.6765828], [-116.373156, 43.6765702], [-116.3731544, 43.6765628], [-116.3731433, 43.6765519], [-116.3731228, 43.6765453], [-116.3730971, 43.6765422], [-116.3730741, 43.6765408], [-116.3730627, 43.6765433], [-116.3730512, 43.6765456], [-116.3730441, 43.6765488], [-116.3730401, 43.6765553]]]}}, {"type": "Feature", "properties": {"osm_type": "way", "osm_id": 1265928657, "golf": "bunker", "leisure": null, "feature_type": "bunker", "hole_number": null, "name": null, "par": null, "handicap": null, "ref": null, "tee": null, "surface": null, "source": "openstreetmap"}, "geometry": {"type": "Polygon", "coordinates": [[[-116.3732106, 43.6765691], [-116.3732027, 43.6765785], [-116.373207, 43.6765962], [-116.3732161, 43.676606], [-116.3732268, 43.6766188], [-116.3732248, 43.6766303], [-116.3732153, 43.6766454], [-116.3732106, 43.6766606], [-116.3732199, 43.6766842], [-116.3732386, 43.6766958], [-116.3732628, 43.6767006], [-116.3732897, 43.6766915], [-116.373298, 43.6766769], [-116.3732972, 43.67666], [-116.3732877, 43.6766471], [-116.373281, 43.6766363], [-116.3732829, 43.6766266], [-116.3732944, 43.6766194], [-116.3732948, 43.6765965], [-116.3732908, 43.6765751], [-116.3732798, 43.6765656], [-116.3732596, 43.6765611], [-116.3732343, 43.6765628], [-116.3732106, 43.6765691]]]}}, {"type": "Feature", "properties": {"osm_type": "way", "osm_id": 1265928658, "golf": "bunker", "leisure": null, "feature_type": "bunker", "hole_number": null, "name": null, "par": null, "handicap": null, "ref": null, "tee": null, "surface": null, "source": "openstreetmap"}, "geometry": {"type": "Polygon", "coordinates": [[[-116.3740022, 43.6769089], [-116.3739928, 43.6769299], [-116.3739956, 43.6769397], [-116.3740148, 43.6769471], [-116.3740531, 43.6769549], [-116.3740886, 43.6769579], [-116.3741198, 43.6769728], [-116.3741446, 43.6769707], [-116.3741628, 43.6769606], [-116.3741703, 43.6769552], [-116.3741679, 43.6769467], [-116.3741609, 43.6769339], [-116.374132, 43.6769163], [-116.3741049, 43.676913], [-116.3740876, 43.676917], [-116.374068, 43.6769191], [-116.3740535, 43.6769136], [-116.3740386, 43.6769042], [-116.3740157, 43.6769042], [-116.3740022, 43.6769089]]]}}, {"type": "Feature", "properties": {"osm_type": "way", "osm_id": 1265928659, "golf": "bunker", "leisure": null, "feature_type": "bunker", "hole_number": null, "name": null, "par": null, "handicap": null, "ref": null, "tee": null, "surface": null, "source": "openstreetmap"}, "geometry": {"type": "Polygon", "coordinates": [[[-116.374351, 43.6767975], [-116.3743842, 43.6767877], [-116.3743963, 43.6767775], [-116.3744, 43.6767617], [-116.3743935, 43.6767471], [-116.374379, 43.6767373], [-116.3743515, 43.6767319], [-116.3743286, 43.6767228], [-116.3743062, 43.6767225], [-116.3742908, 43.6767299], [-116.3742791, 43.6767421], [-116.3742749, 43.6767552], [-116.3742824, 43.6767677], [-116.3743127, 43.676785], [-116.374351, 43.6767975]]]}}, {"type": "Feature", "properties": {"osm_type": "way", "osm_id": 1265928660, "golf": "bunker", "leisure": null, "feature_type": "bunker", "hole_number": null, "name": null, "par": null, "handicap": null, "ref": null, "tee": null, "surface": null, "source": "openstreetmap"}, "geometry": {"type": "Polygon", "coordinates": [[[-116.3742072, 43.676734], [-116.3742305, 43.6767221], [-116.3742417, 43.676712], [-116.3742679, 43.6767015], [-116.3742749, 43.6766894], [-116.374274, 43.6766779], [-116.3742595, 43.6766718], [-116.3742487, 43.6766637], [-116.3742263, 43.6766607], [-116.37421, 43.6766624], [-116.3741838, 43.6766725], [-116.3741595, 43.6766782], [-116.374139, 43.6766904], [-116.3741198, 43.6767022], [-116.3741063, 43.6767022], [-116.374097, 43.6766965], [-116.37409, 43.6766779], [-116.3740759, 43.676661], [-116.3740545, 43.6766526], [-116.3740344, 43.6766539], [-116.3740115, 43.6766661], [-116.3739984, 43.6766749], [-116.3740012, 43.6766823], [-116.3740134, 43.6766907], [-116.3740349, 43.6767069], [-116.3740433, 43.6767228], [-116.3740517, 43.6767407], [-116.3740638, 43.6767478], [-116.3740787, 43.6767532], [-116.3740942, 43.6767552], [-116.3741049, 43.6767508], [-116.3741273, 43.6767367], [-116.3741409, 43.6767313], [-116.3741539, 43.6767302], [-116.3741787, 43.6767356], [-116.3742072, 43.676734]]]}}, {"type": "Feature", "properties": {"osm_type": "way", "osm_id": 1265928661, "golf": "green", "leisure": null, "feature_type": "green", "hole_number": null, "name": null, "par": null, "handicap": null, "ref": null, "tee": null, "surface": null, "source": "openstreetmap"}, "geometry": {"type": "Polygon", "coordinates": [[[-116.3740324, 43.6768769], [-116.3740027, 43.6768623], [-116.3739843, 43.6768453], [-116.3739793, 43.6768238], [-116.373985, 43.6767957], [-116.3740007, 43.6767773], [-116.3740195, 43.6767666], [-116.3740442, 43.6767659], [-116.3740737, 43.6767695], [-116.3740914, 43.6767715], [-116.3741245, 43.6767667], [-116.3741595, 43.6767623], [-116.3741946, 43.6767596], [-116.3742273, 43.6767657], [-116.3742553, 43.6767769], [-116.3742744, 43.67679], [-116.3742982, 43.6768056], [-116.3743345, 43.6768194], [-116.3743625, 43.6768272], [-116.3743926, 43.6768409], [-116.374411, 43.6768579], [-116.3744295, 43.676876], [-116.3744363, 43.6768948], [-116.3744224, 43.6769133], [-116.3743869, 43.6769328], [-116.3743447, 43.6769488], [-116.3743039, 43.6769514], [-116.374265, 43.6769485], [-116.3742262, 43.6769305], [-116.3741783, 43.6769051], [-116.3741159, 43.6768868], [-116.3740722, 43.6768805], [-116.3740324, 43.6768769]]]}}, {"type": "Feature", "properties": {"osm_type": "way", "osm_id": 1265928662, "golf": "hole", "leisure": null, "feature_type": "hole", "hole_number": 12, "name": null, "par": "5", "handicap": "5", "ref": "12", "tee": null, "surface": null, "source": "openstreetmap"}, "geometry": {"type": "LineString", "coordinates": [[-116.370157, 43.6742459], [-116.3711101, 43.6756801], [-116.3742107, 43.6768441]]}}, {"type": "Feature", "properties": {"osm_type": "way", "osm_id": 1265928663, "golf": "tee", "leisure": null, "feature_type": "tee", "hole_number": null, "name": null, "par": null, "handicap": null, "ref": null, "tee": null, "surface": null, "source": "openstreetmap"}, "geometry": {"type": "Polygon", "coordinates": [[[-116.3747804, 43.6769061], [-116.3747637, 43.6768427], [-116.3750288, 43.6767944], [-116.3750559, 43.6768608], [-116.3747804, 43.6769061]]]}}, {"type": "Feature", "properties": {"osm_type": "way", "osm_id": 1265928664, "golf": "tee", "leisure": null, "feature_type": "tee", "hole_number": null, "name": null, "par": null, "handicap": null, "ref": null, "tee": null, "surface": null, "source": "openstreetmap"}, "geometry": {"type": "Polygon", "coordinates": [[[-116.3751811, 43.6768261], [-116.3751519, 43.6767144], [-116.3752166, 43.6767038], [-116.3752437, 43.676814], [-116.3751811, 43.6768261]]]}}, {"type": "Feature", "properties": {"osm_type": "way", "osm_id": 1265928688, "golf": "bunker", "leisure": null, "feature_type": "bunker", "hole_number": 15, "name": null, "par": 4, "handicap": null, "ref": null, "tee": null, "surface": null, "source": "openstreetmap"}, "geometry": {"type": "Polygon", "coordinates": [[[-116.3761924, 43.6735426], [-116.3762064, 43.6735301], [-116.3762153, 43.6735156], [-116.3762115, 43.6735007], [-116.3762045, 43.6734754], [-116.3761919, 43.6734703], [-116.376162, 43.6734588], [-116.3761298, 43.6734453], [-116.3761065, 43.6734318], [-116.3760789, 43.6734237], [-116.376056, 43.6734281], [-116.3760411, 43.6734389], [-116.3760392, 43.6734581], [-116.3760724, 43.673475], [-116.3760845, 43.6734835], [-116.3761055, 43.6734885], [-116.3761163, 43.6734973], [-116.3761373, 43.6735135], [-116.376155, 43.6735304], [-116.376162, 43.6735402], [-116.3761924, 43.6735426]]]}}, {"type": "Feature", "properties": {"osm_type": "way", "osm_id": 1265929155, "golf": "bunker", "leisure": null, "feature_type": "bunker", "hole_number": 15, "name": null, "par": 4, "handicap": null, "ref": null, "tee": null, "surface": null, "source": "openstreetmap"}, "geometry": {"type": "Polygon", "coordinates": [[[-116.3748433, 43.6731904], [-116.3748284, 43.6731725], [-116.374813, 43.6731625], [-116.3747915, 43.6731561], [-116.3747744, 43.673137], [-116.3747551, 43.6731103], [-116.3747369, 43.6730983], [-116.3747043, 43.6730959], [-116.3746933, 43.6731087], [-116.3746894, 43.6731234], [-116.3746845, 43.673133], [-116.3746674, 43.6731382], [-116.3746442, 43.6731462], [-116.3746321, 43.6731585], [-116.3746365, 43.6731809], [-116.3746663, 43.6731964], [-116.3747049, 43.673204], [-116.3747429, 43.6732068], [-116.3747766, 43.6732184], [-116.374802, 43.6732156], [-116.3748251, 43.6732092], [-116.3748433, 43.6731904]]]}}, {"type": "Feature", "properties": {"osm_type": "way", "osm_id": 1265929156, "golf": "bunker", "leisure": null, "feature_type": "bunker", "hole_number": 15, "name": null, "par": 4, "handicap": null, "ref": null, "tee": null, "surface": null, "source": "openstreetmap"}, "geometry": {"type": "Polygon", "coordinates": [[[-116.3743161, 43.6733344], [-116.3743348, 43.6733217], [-116.374337, 43.6733085], [-116.3743271, 43.6732878], [-116.3743177, 43.6732782], [-116.3742934, 43.673273], [-116.3742719, 43.673267], [-116.3742576, 43.673261], [-116.3742355, 43.6732626], [-116.3742229, 43.673275], [-116.3742102, 43.6732822], [-116.3742041, 43.6732942], [-116.3742091, 43.6733085], [-116.3742267, 43.6733173], [-116.3742433, 43.6733273], [-116.3742593, 43.6733352], [-116.3742786, 43.6733396], [-116.3742968, 43.6733404], [-116.3743161, 43.6733344]]]}}, {"type": "Feature", "properties": {"osm_type": "way", "osm_id": 1265929157, "golf": "green", "leisure": null, "feature_type": "green", "hole_number": 15, "name": null, "par": 4, "handicap": null, "ref": null, "tee": null, "surface": null, "source": "openstreetmap"}, "geometry": {"type": "Polygon", "coordinates": [[[-116.3743712, 43.6732897], [-116.3743986, 43.6733043], [-116.3744298, 43.6733142], [-116.3744839, 43.6733166], [-116.3745321, 43.6733109], [-116.3745666, 43.6733029], [-116.374594, 43.6732878], [-116.374607, 43.6732648], [-116.3746018, 43.6732417], [-116.3745842, 43.6732106], [-116.3745542, 43.6731851], [-116.3745278, 43.6731725], [-116.3744925, 43.6731613], [-116.3744528, 43.6731505], [-116.3744197, 43.6731338], [-116.3743822, 43.6731134], [-116.3743533, 43.6731038], [-116.3743139, 43.6731047], [-116.3742769, 43.6731138], [-116.3742267, 43.6731242], [-116.3741898, 43.6731374], [-116.3741738, 43.6731569], [-116.3741749, 43.6731797], [-116.374198, 43.6732008], [-116.3742477, 43.6732247], [-116.3742995, 43.6732419], [-116.3743403, 43.6732618], [-116.3743712, 43.6732897]]]}}, {"type": "Feature", "properties": {"osm_type": "way", "osm_id": 1265929159, "golf": "hole", "leisure": null, "feature_type": "hole", "hole_number": 16, "name": null, "par": "3", "handicap": "17", "ref": "16", "tee": null, "surface": null, "source": "openstreetmap"}, "geometry": {"type": "LineString", "coordinates": [[-116.3731116, 43.6731147], [-116.3711108, 43.6731868]]}}, {"type": "Feature", "properties": {"osm_type": "way", "osm_id": 1265929160, "golf": "hole", "leisure": null, "feature_type": "hole", "hole_number": 17, "name": null, "par": "4", "handicap": "7", "ref": "17", "tee": null, "surface": null, "source": "openstreetmap"}, "geometry": {"type": "LineString", "coordinates": [[-116.370437, 43.6731452], [-116.3681715, 43.6722351], [-116.3669579, 43.6719939]]}}, {"type": "Feature", "properties": {"osm_type": "way", "osm_id": 1265929161, "golf": "hole", "leisure": null, "feature_type": "hole", "hole_number": 18, "name": null, "par": "5", "handicap": "9", "ref": "18", "tee": null, "surface": null, "source": "openstreetmap"}, "geometry": {"type": "LineString", "coordinates": [[-116.3672192, 43.6725422], [-116.3650568, 43.6716595], [-116.3628291, 43.6711721], [-116.3620762, 43.6712417]]}}, {"type": "Feature", "properties": {"osm_type": "way", "osm_id": 1327437542, "golf": "bunker", "leisure": null, "feature_type": "bunker", "hole_number": 15, "name": null, "par": 4, "handicap": null, "ref": null, "tee": null, "surface": null, "source": "openstreetmap"}, "geometry": {"type": "Polygon", "coordinates": [[[-116.375163, 43.6731548], [-116.375142, 43.6731523], [-116.375121, 43.6731574], [-116.3751081, 43.6731709], [-116.3751023, 43.6731861], [-116.3751116, 43.673203], [-116.3751291, 43.6732165], [-116.375163, 43.6732173], [-116.3751782, 43.6732072], [-116.375191, 43.6731937], [-116.375191, 43.6731759], [-116.3751794, 43.6731641], [-116.375163, 43.6731548]]]}}, {"type": "Feature", "properties": {"osm_type": "way", "osm_id": 1347681704, "golf": "tee", "leisure": null, "feature_type": "tee", "hole_number": null, "name": null, "par": null, "handicap": null, "ref": null, "tee": null, "surface": null, "source": "openstreetmap"}, "geometry": {"type": "Polygon", "coordinates": [[[-116.3653067, 43.6713419], [-116.3653962, 43.6713522], [-116.3654175, 43.6712713], [-116.3653179, 43.671264], [-116.3653067, 43.6713419]]]}}, {"type": "Feature", "properties": {"osm_type": "way", "osm_id": 1347681705, "golf": "tee", "leisure": null, "feature_type": "tee", "hole_number": null, "name": null, "par": null, "handicap": null, "ref": null, "tee": null, "surface": null, "source": "openstreetmap"}, "geometry": {"type": "Polygon", "coordinates": [[[-116.3650171, 43.6712838], [-116.3651279, 43.6712912], [-116.3651411, 43.6712125], [-116.3650211, 43.6712081], [-116.3650171, 43.6712838]]]}}, {"type": "Feature", "properties": {"osm_type": "node", "osm_id": 10764637938, "golf": "tee", "leisure": null, "feature_type": "tee", "hole_number": null, "name": null, "par": null, "handicap": null, "ref": null, "tee": "blue", "surface": "grass", "source": "openstreetmap"}, "geometry": {"type": "Point", "coordinates": [-116.3628677, 43.6704861]}}, {"type": "Feature", "properties": {"osm_type": "node", "osm_id": 10764637942, "golf": "tee", "leisure": null, "feature_type": "tee", "hole_number": null, "name": null, "par": null, "handicap": null, "ref": null, "tee": "white", "surface": "grass", "source": "openstreetmap"}, "geometry": {"type": "Point", "coordinates": [-116.3630959, 43.6705825]}}, {"type": "Feature", "properties": {"osm_type": "way", "osm_id": 688038648, "golf": "water", "leisure": null, "feature_type": "water", "hole_number": 14, "name": null, "par": 3, "handicap": null, "tee": null, "source": "openstreetmap", "accuracy_note": "OSM extract 2026-07-28 H13/H14 (ways 1265928665\u20138685); ops grade not survey"}, "geometry": {"type": "Polygon", "coordinates": [[[-116.3790978, 43.6756986], [-116.3791407, 43.6756617], [-116.3791434, 43.6754076], [-116.3791944, 43.6752097], [-116.3793124, 43.6750778], [-116.3793231, 43.674973], [-116.3790549, 43.6748217], [-116.379012, 43.6747305], [-116.3789154, 43.6743639], [-116.3788645, 43.6743076], [-116.3786499, 43.6741757], [-116.3785399, 43.6739739], [-116.3784192, 43.6738381], [-116.3783622, 43.6738414], [-116.3783149, 43.6739281], [-116.3783031, 43.6739807], [-116.3786511, 43.675116], [-116.3789502, 43.6752896], [-116.3790482, 43.6756757], [-116.3790978, 43.6756986]]]}}, {"type": "Feature", "properties": {"osm_type": "way", "osm_id": 1265928665, "golf": "fairway", "leisure": null, "feature_type": "fairway", "hole_number": 13, "name": null, "par": 4, "handicap": null, "tee": null, "source": "openstreetmap", "accuracy_note": "OSM extract 2026-07-28 H13/H14 (ways 1265928665\u20138685); ops grade not survey"}, "geometry": {"type": "Polygon", "coordinates": [[[-116.3753577, 43.6766802], [-116.375397, 43.6767297], [-116.3754807, 43.6767526], [-116.3755947, 43.6767554], [-116.3757974, 43.6767242], [-116.3762599, 43.6766472], [-116.3767997, 43.6765996], [-116.3771291, 43.6765611], [-116.3773242, 43.6765125], [-116.3774509, 43.6764511], [-116.377584, 43.6763769], [-116.3779134, 43.6763091], [-116.3781466, 43.6762633], [-116.3782163, 43.6762193], [-116.3782391, 43.6761707], [-116.3782723, 43.6760923], [-116.3783102, 43.6760517], [-116.3783564, 43.6760277], [-116.3784288, 43.6760132], [-116.3783877, 43.6760058], [-116.3783555, 43.6759926], [-116.3783382, 43.6759757], [-116.3783284, 43.6759528], [-116.3783387, 43.6759254], [-116.3783751, 43.6759024], [-116.3784073, 43.6758923], [-116.3784587, 43.6758903], [-116.3784993, 43.675894], [-116.378525, 43.675897], [-116.3785605, 43.675891], [-116.3785283, 43.6758855], [-116.3785147, 43.675873], [-116.3784937, 43.6758535], [-116.3784666, 43.6758447], [-116.3784134, 43.6758464], [-116.3783275, 43.6758693], [-116.3782098, 43.6758957], [-116.3780623, 43.675921], [-116.3779465, 43.6759413], [-116.3774955, 43.6760696], [-116.3773067, 43.676131], [-116.3772345, 43.6761796], [-116.3771917, 43.6762314], [-116.3771525, 43.6762645], [-116.3770979, 43.6762833], [-116.3770428, 43.6762845], [-116.3769986, 43.6762693], [-116.3769622, 43.6762446], [-116.3769264, 43.6762222], [-116.3768784, 43.6762035], [-116.3767792, 43.676213], [-116.3765584, 43.6762625], [-116.3763337, 43.6763195], [-116.3760523, 43.6763793], [-116.3756159, 43.676467], [-116.375526, 43.6764844], [-116.3754485, 43.6765018], [-116.3754101, 43.6765258], [-116.3753996, 43.6765767], [-116.3753808, 43.6766106], [-116.3753547, 43.6766394], [-116.3753577, 43.6766802]]]}}, {"type": "Feature", "properties": {"osm_type": "way", "osm_id": 1265928666, "golf": "bunker", "leisure": null, "feature_type": "bunker", "hole_number": 13, "name": null, "par": 4, "handicap": null, "tee": null, "source": "openstreetmap", "accuracy_note": "OSM extract 2026-07-28 H13/H14 (ways 1265928665\u20138685); ops grade not survey"}, "geometry": {"type": "Polygon", "coordinates": [[[-116.3771436, 43.6762263], [-116.3771581, 43.6761993], [-116.3771567, 43.6761824], [-116.3771352, 43.6761689], [-116.3771039, 43.6761702], [-116.3770895, 43.6761814], [-116.377082, 43.6762006], [-116.3770731, 43.6762125], [-116.3770619, 43.6762128], [-116.3770484, 43.6762037], [-116.3770512, 43.6761871], [-116.3770507, 43.6761736], [-116.3770353, 43.6761662], [-116.376997, 43.6761682], [-116.3769783, 43.6761797], [-116.3769699, 43.6761969], [-116.3769877, 43.6762179], [-116.3770049, 43.6762334], [-116.3770381, 43.6762462], [-116.3770778, 43.676252], [-116.3771067, 43.6762486], [-116.3771254, 43.6762429], [-116.3771436, 43.6762263]]]}}, {"type": "Feature", "properties": {"osm_type": "way", "osm_id": 1265928667, "golf": "bunker", "leisure": null, "feature_type": "bunker", "hole_number": 13, "name": null, "par": 4, "handicap": null, "tee": null, "source": "openstreetmap", "accuracy_note": "OSM extract 2026-07-28 H13/H14 (ways 1265928665\u20138685); ops grade not survey"}, "geometry": {"type": "Polygon", "coordinates": [[[-116.3783581, 43.6760626], [-116.3783419, 43.6760738], [-116.3783281, 43.6760935], [-116.3783245, 43.6761144], [-116.378334, 43.6761301], [-116.3783506, 43.6761358], [-116.3783787, 43.6761335], [-116.3784115, 43.676123], [-116.378438, 43.6761167], [-116.3784605, 43.6761055], [-116.378472, 43.6760935], [-116.3784724, 43.6760781], [-116.3784621, 43.676062], [-116.3784475, 43.6760558], [-116.3784202, 43.6760492], [-116.3783961, 43.676052], [-116.3783581, 43.6760626]]]}}, {"type": "Feature", "properties": {"osm_type": "way", "osm_id": 1265928668, "golf": "bunker", "leisure": null, "feature_type": "bunker", "hole_number": 13, "name": null, "par": 4, "handicap": null, "tee": null, "source": "openstreetmap", "accuracy_note": "OSM extract 2026-07-28 H13/H14 (ways 1265928665\u20138685); ops grade not survey"}, "geometry": {"type": "Polygon", "coordinates": [[[-116.3787136, 43.6760623], [-116.3787294, 43.6760497], [-116.3787302, 43.6760349], [-116.3787148, 43.6760229], [-116.3786958, 43.676022], [-116.3786606, 43.6760243], [-116.3786472, 43.676034], [-116.3786432, 43.6760497], [-116.3786567, 43.6760646], [-116.3786804, 43.6760658], [-116.378697, 43.6760655], [-116.3787136, 43.6760623]]]}}, {"type": "Feature", "properties": {"osm_type": "way", "osm_id": 1265928669, "golf": "bunker", "leisure": null, "feature_type": "bunker", "hole_number": 13, "name": null, "par": 4, "handicap": null, "tee": null, "source": "openstreetmap", "accuracy_note": "OSM extract 2026-07-28 H13/H14 (ways 1265928665\u20138685); ops grade not survey"}, "geometry": {"type": "Polygon", "coordinates": [[[-116.3785374, 43.675877], [-116.3785309, 43.6758742], [-116.3785235, 43.6758604], [-116.3785272, 43.6758424], [-116.378536, 43.6758184], [-116.3785462, 43.6758046], [-116.378574, 43.6757958], [-116.3785941, 43.6757843], [-116.3786145, 43.6757817], [-116.3786363, 43.6757882], [-116.3786516, 43.6758042], [-116.3786508, 43.6758194], [-116.3786434, 43.6758327], [-116.3785978, 43.675858], [-116.3785777, 43.675868], [-116.3785643, 43.6758701], [-116.3785572, 43.6758699], [-116.3785476, 43.6758717], [-116.3785439, 43.6758754], [-116.3785374, 43.675877]]]}}, {"type": "Feature", "properties": {"osm_type": "way", "osm_id": 1265928670, "golf": "green", "leisure": null, "feature_type": "green", "hole_number": 13, "name": null, "par": 4, "handicap": null, "tee": null, "source": "openstreetmap", "accuracy_note": "OSM extract 2026-07-28 H13/H14 (ways 1265928665\u20138685); ops grade not survey"}, "geometry": {"type": "Polygon", "coordinates": [[[-116.3785605, 43.675891], [-116.378525, 43.675897], [-116.3784993, 43.675894], [-116.3784587, 43.6758903], [-116.3784073, 43.6758923], [-116.3783751, 43.6759024], [-116.3783387, 43.6759254], [-116.3783284, 43.6759528], [-116.3783382, 43.6759757], [-116.3783555, 43.6759926], [-116.3783877, 43.6760058], [-116.3784288, 43.6760132], [-116.3784619, 43.6760158], [-116.3784971, 43.6760169], [-116.3785307, 43.6760252], [-116.3785568, 43.676029], [-116.3785932, 43.6760258], [-116.3786189, 43.6760147], [-116.3786454, 43.6760028], [-116.3786742, 43.6759966], [-116.3787035, 43.6759966], [-116.3787474, 43.6759923], [-116.3787897, 43.6759809], [-116.3788174, 43.6759609], [-116.3788245, 43.6759463], [-116.3788273, 43.675928], [-116.3788174, 43.6759071], [-116.3788035, 43.6758862], [-116.3787806, 43.6758714], [-116.3787446, 43.6758651], [-116.3787011, 43.6758657], [-116.3786521, 43.6758765], [-116.3786169, 43.6758862], [-116.3785841, 43.6758928], [-116.3785605, 43.675891]]]}}, {"type": "Feature", "properties": {"osm_type": "way", "osm_id": 1265928671, "golf": "hole", "leisure": null, "feature_type": "hole", "hole_number": 13, "name": null, "par": 4, "handicap": 1, "tee": "13", "source": "openstreetmap", "accuracy_note": "OSM extract 2026-07-28 H13/H14 (ways 1265928665\u20138685); ops grade not survey"}, "geometry": {"type": "LineString", "coordinates": [[-116.3749037, 43.6768519], [-116.3767945, 43.6764466], [-116.3785821, 43.6759568]]}}, {"type": "Feature", "properties": {"osm_type": "way", "osm_id": 1265928672, "golf": "tee", "leisure": null, "feature_type": "tee", "hole_number": 14, "name": null, "par": 3, "handicap": null, "tee": null, "source": "openstreetmap", "accuracy_note": "OSM extract 2026-07-28 H13/H14 (ways 1265928665\u20138685); ops grade not survey"}, "geometry": {"type": "Polygon", "coordinates": [[[-116.3794256, 43.6762162], [-116.3794191, 43.6761387], [-116.379343, 43.6761472], [-116.3793623, 43.6762232], [-116.3794256, 43.6762162]]]}}, {"type": "Feature", "properties": {"osm_type": "way", "osm_id": 1265928673, "golf": "tee", "leisure": null, "feature_type": "tee", "hole_number": 14, "name": null, "par": 3, "handicap": null, "tee": null, "source": "openstreetmap", "accuracy_note": "OSM extract 2026-07-28 H13/H14 (ways 1265928665\u20138685); ops grade not survey"}, "geometry": {"type": "Polygon", "coordinates": [[[-116.3793805, 43.6760696], [-116.3793751, 43.6759811], [-116.3792925, 43.675985], [-116.3793065, 43.6760727], [-116.3793805, 43.6760696]]]}}, {"type": "Feature", "properties": {"osm_type": "way", "osm_id": 1265928674, "golf": "tee", "leisure": null, "feature_type": "tee", "hole_number": 14, "name": null, "par": 3, "handicap": null, "tee": null, "source": "openstreetmap", "accuracy_note": "OSM extract 2026-07-28 H13/H14 (ways 1265928665\u20138685); ops grade not survey"}, "geometry": {"type": "Polygon", "coordinates": [[[-116.3793247, 43.6758306], [-116.3793183, 43.6757553], [-116.3791659, 43.6757584], [-116.3791756, 43.6758376], [-116.3793247, 43.6758306]]]}}, {"type": "Feature", "properties": {"osm_type": "way", "osm_id": 1265928675, "golf": "tee", "leisure": null, "feature_type": "tee", "hole_number": 14, "name": null, "par": 3, "handicap": null, "tee": null, "source": "openstreetmap", "accuracy_note": "OSM extract 2026-07-28 H13/H14 (ways 1265928665\u20138685); ops grade not survey"}, "geometry": {"type": "Polygon", "coordinates": [[[-116.3793448, 43.6755872], [-116.3793473, 43.6754736], [-116.3792358, 43.675469], [-116.3792345, 43.6755836], [-116.3793448, 43.6755872]]]}}, {"type": "Feature", "properties": {"osm_type": "way", "osm_id": 1265928676, "golf": "tee", "leisure": null, "feature_type": "tee", "hole_number": 14, "name": null, "par": 3, "handicap": null, "tee": null, "source": "openstreetmap", "accuracy_note": "OSM extract 2026-07-28 H13/H14 (ways 1265928665\u20138685); ops grade not survey"}, "geometry": {"type": "Polygon", "coordinates": [[[-116.3793296, 43.6753407], [-116.3793232, 43.6752417], [-116.379251, 43.6752454], [-116.3792573, 43.6753416], [-116.3793296, 43.6753407]]]}}, {"type": "Feature", "properties": {"osm_type": "way", "osm_id": 1265928677, "golf": "fairway", "leisure": null, "feature_type": "fairway", "hole_number": 14, "name": null, "par": 3, "handicap": null, "tee": null, "source": "openstreetmap", "accuracy_note": "OSM extract 2026-07-28 H13/H14 (ways 1265928665\u20138685); ops grade not survey"}, "geometry": {"type": "Polygon", "coordinates": [[[-116.3792008, 43.6745959], [-116.3792654, 43.6745552], [-116.3792639, 43.6744829], [-116.3792631, 43.6743199], [-116.3792554, 43.6742537], [-116.3792516, 43.6741841], [-116.3792339, 43.6741441], [-116.3791677, 43.6741113], [-116.3791093, 43.6740751], [-116.3790508, 43.6740551], [-116.3790039, 43.6740406], [-116.3790324, 43.6740695], [-116.3790362, 43.6740996], [-116.3790201, 43.6741268], [-116.3789947, 43.6741485], [-116.3789639, 43.6741652], [-116.3789208, 43.6741736], [-116.3788993, 43.6741713], [-116.378867, 43.6741647], [-116.3788808, 43.6741997], [-116.3788931, 43.6742364], [-116.3789385, 43.6742893], [-116.3789754, 43.6743549], [-116.3789877, 43.6744245], [-116.3790116, 43.674494], [-116.3790324, 43.6745491], [-116.3790654, 43.6745858], [-116.3791124, 43.6746075], [-116.3791539, 43.6746075], [-116.3792008, 43.6745959]]]}}, {"type": "Feature", "properties": {"osm_type": "way", "osm_id": 1265928678, "golf": "green", "leisure": null, "feature_type": "green", "hole_number": 14, "name": null, "par": 3, "handicap": null, "tee": null, "source": "openstreetmap", "accuracy_note": "OSM extract 2026-07-28 H13/H14 (ways 1265928665\u20138685); ops grade not survey"}, "geometry": {"type": "Polygon", "coordinates": [[[-116.3790039, 43.6740406], [-116.3790324, 43.6740695], [-116.3790362, 43.6740996], [-116.3790201, 43.6741268], [-116.3789947, 43.6741485], [-116.3789639, 43.6741652], [-116.3789208, 43.6741736], [-116.3788993, 43.6741713], [-116.378867, 43.6741647], [-116.3788404, 43.6741457], [-116.3788189, 43.6741147], [-116.3788016, 43.6740853], [-116.378796, 43.6740613], [-116.3787956, 43.6740407], [-116.3787895, 43.6740181], [-116.378776, 43.6739954], [-116.3787643, 43.6739664], [-116.3787615, 43.673938], [-116.3787713, 43.6738982], [-116.3787942, 43.6738694], [-116.3788213, 43.6738563], [-116.3788614, 43.6738536], [-116.3789081, 43.6738637], [-116.3789431, 43.673886], [-116.3789609, 43.6739174], [-116.3789754, 43.6739674], [-116.3789782, 43.6739968], [-116.3789894, 43.6740248], [-116.3790039, 43.6740406]]]}}, {"type": "Feature", "properties": {"osm_type": "way", "osm_id": 1265928679, "golf": "bunker", "leisure": null, "feature_type": "bunker", "hole_number": 14, "name": null, "par": 3, "handicap": null, "tee": null, "source": "openstreetmap", "accuracy_note": "OSM extract 2026-07-28 H13/H14 (ways 1265928665\u20138685); ops grade not survey"}, "geometry": {"type": "Polygon", "coordinates": [[[-116.3790875, 43.6740353], [-116.3790949, 43.6740194], [-116.3790977, 43.6740049], [-116.3790991, 43.6739937], [-116.3790865, 43.6739836], [-116.3790711, 43.6739769], [-116.379066, 43.6739637], [-116.3790543, 43.6739519], [-116.3790351, 43.6739471], [-116.3790165, 43.6739502], [-116.3790081, 43.6739613], [-116.3790062, 43.6739826], [-116.3790193, 43.6740052], [-116.3790389, 43.6740255], [-116.3790571, 43.6740336], [-116.3790739, 43.674038], [-116.3790875, 43.6740353]]]}}, {"type": "Feature", "properties": {"osm_type": "way", "osm_id": 1265928680, "golf": "bunker", "leisure": null, "feature_type": "bunker", "hole_number": 14, "name": null, "par": 3, "handicap": null, "tee": null, "source": "openstreetmap", "accuracy_note": "OSM extract 2026-07-28 H13/H14 (ways 1265928665\u20138685); ops grade not survey"}, "geometry": {"type": "Polygon", "coordinates": [[[-116.3788168, 43.6742411], [-116.3788346, 43.6742328], [-116.3788433, 43.6742154], [-116.378848, 43.6741994], [-116.3788473, 43.6741839], [-116.3788372, 43.6741738], [-116.3788218, 43.6741667], [-116.3787991, 43.6741648], [-116.3787793, 43.6741641], [-116.3787653, 43.6741575], [-116.3787599, 43.674151], [-116.3787565, 43.674142], [-116.3787622, 43.6741314], [-116.3787693, 43.6741127], [-116.3787703, 43.6740946], [-116.3787656, 43.6740742], [-116.3787545, 43.6740621], [-116.3787361, 43.6740522], [-116.3787144, 43.6740486], [-116.3786953, 43.6740522], [-116.3786742, 43.6740631], [-116.3786548, 43.6740798], [-116.3786404, 43.6740909], [-116.378633, 43.6741076], [-116.378638, 43.6741294], [-116.3786487, 43.674142], [-116.3786712, 43.6741566], [-116.3786953, 43.6741735], [-116.3787113, 43.6742014], [-116.3787308, 43.6742183], [-116.3787549, 43.6742338], [-116.3787753, 43.6742411], [-116.3787967, 43.6742452], [-116.3788168, 43.6742411]]]}}, {"type": "Feature", "properties": {"osm_type": "way", "osm_id": 1265928681, "golf": "hole", "leisure": null, "feature_type": "hole", "hole_number": 14, "name": null, "par": 3, "handicap": 11, "tee": "14", "source": "openstreetmap", "accuracy_note": "OSM extract 2026-07-28 H13/H14 (ways 1265928665\u20138685); ops grade not survey"}, "geometry": {"type": "LineString", "coordinates": [[-116.3793879, 43.6761825], [-116.3788929, 43.6739944]]}}, {"type": "Feature", "properties": {"osm_type": "way", "osm_id": 1265928682, "golf": "tee", "leisure": null, "feature_type": "tee", "hole_number": 15, "name": null, "par": null, "handicap": null, "tee": null, "source": "openstreetmap", "accuracy_note": "OSM extract 2026-07-28 H13/H14 (ways 1265928665\u20138685); ops grade not survey"}, "geometry": {"type": "Polygon", "coordinates": [[[-116.3793625, 43.6736678], [-116.3793801, 43.6735808], [-116.3792971, 43.6735719], [-116.3792829, 43.6736627], [-116.3793625, 43.6736678]]]}}, {"type": "Feature", "properties": {"osm_type": "way", "osm_id": 1265928683, "golf": "tee", "leisure": null, "feature_type": "tee", "hole_number": 15, "name": null, "par": null, "handicap": null, "tee": null, "source": "openstreetmap", "accuracy_note": "OSM extract 2026-07-28 H13/H14 (ways 1265928665\u20138685); ops grade not survey"}, "geometry": {"type": "Polygon", "coordinates": [[[-116.3791097, 43.6736716], [-116.3791469, 43.6735348], [-116.3790479, 43.6735259], [-116.3790232, 43.6736627], [-116.3791097, 43.6736716]]]}}, {"type": "Feature", "properties": {"osm_type": "way", "osm_id": 1265928684, "golf": "tee", "leisure": null, "feature_type": "tee", "hole_number": 15, "name": null, "par": null, "handicap": null, "tee": null, "source": "openstreetmap", "accuracy_note": "OSM extract 2026-07-28 H13/H14 (ways 1265928665\u20138685); ops grade not survey"}, "geometry": {"type": "Polygon", "coordinates": [[[-116.3789153, 43.673669], [-116.3789401, 43.6735387], [-116.3788482, 43.6735246], [-116.3788182, 43.6736588], [-116.3789153, 43.673669]]]}}, {"type": "Feature", "properties": {"osm_type": "way", "osm_id": 1265928685, "golf": "tee", "leisure": null, "feature_type": "tee", "hole_number": 15, "name": null, "par": null, "handicap": null, "tee": null, "source": "openstreetmap", "accuracy_note": "OSM extract 2026-07-28 H13/H14 (ways 1265928665\u20138685); ops grade not survey"}, "geometry": {"type": "Polygon", "coordinates": [[[-116.3786078, 43.6736639], [-116.3786361, 43.673531], [-116.3785266, 43.6735195], [-116.3785054, 43.6736499], [-116.3786078, 43.6736639]]]}}, {"type": "Feature", "properties": {"osm_type": "way", "osm_id": 1265928686, "golf": "fairway", "leisure": null, "feature_type": "fairway", "hole_number": 15, "name": null, "par": null, "handicap": null, "tee": null, "source": "openstreetmap", "accuracy_note": "OSM extract 2026-07-28 H13/H14 (ways 1265928665\u20138685); ops grade not survey"}, "geometry": {"type": "Polygon", "coordinates": [[[-116.3779076, 43.673638], [-116.3779025, 43.6735812], [-116.3778151, 43.6735042], [-116.3776897, 43.6734227], [-116.3775591, 43.6733942], [-116.3773475, 43.6733649], [-116.3771106, 43.6733054], [-116.3769446, 43.6732293], [-116.3765936, 43.6731578], [-116.3762769, 43.6731312], [-116.3760741, 43.6731156], [-116.3757923, 43.6730866], [-116.3756354, 43.6730792], [-116.3754518, 43.6730942], [-116.375345, 43.6731201], [-116.3752811, 43.6731578], [-116.3752512, 43.6732007], [-116.3752101, 43.6732318], [-116.3751437, 43.6732469], [-116.3750831, 43.6732398], [-116.3750395, 43.6732172], [-116.3749763, 43.6731983], [-116.3749131, 43.6732078], [-116.3748519, 43.6732351], [-116.3747575, 43.6732502], [-116.3746637, 43.6732388], [-116.3746272, 43.6732242], [-116.3745542, 43.6731851], [-116.3745842, 43.6732106], [-116.3746018, 43.6732417], [-116.374607, 43.6732648], [-116.374594, 43.6732878], [-116.3745666, 43.6733029], [-116.3745321, 43.6733109], [-116.3744839, 43.6733166], [-116.3744298, 43.6733142], [-116.3743986, 43.6733043], [-116.3743712, 43.6732897], [-116.3743764, 43.6733171], [-116.3743758, 43.6733599], [-116.3743947, 43.6733905], [-116.3744468, 43.6734084], [-116.374495, 43.673416], [-116.3745757, 43.6734292], [-116.3746591, 43.6734325], [-116.3747353, 43.6734296], [-116.3748714, 43.6734537], [-116.3750271, 43.6734711], [-116.3753137, 43.6735173], [-116.3755045, 43.673546], [-116.375756, 43.6735705], [-116.3758074, 43.6735813], [-116.3758752, 43.673578], [-116.3759221, 43.6735507], [-116.3759449, 43.6735079], [-116.375967, 43.6734494], [-116.3759931, 43.6734047], [-116.3760419, 43.6733957], [-116.3761344, 43.6733934], [-116.3761767, 43.6734075], [-116.3762178, 43.6734433], [-116.3762621, 43.673498], [-116.3762888, 43.6735272], [-116.3763291, 43.6735352], [-116.3763747, 43.6735291], [-116.3764581, 43.6734909], [-116.3765467, 43.673481], [-116.3766451, 43.673505], [-116.3767441, 43.6735503], [-116.3768124, 43.6735828], [-116.3769518, 43.6736181], [-116.3770521, 43.673644], [-116.3773198, 43.6736454], [-116.3774918, 43.6736501], [-116.3776384, 43.6736836], [-116.3777289, 43.6737024], [-116.3777986, 43.6737038], [-116.3778663, 43.6736826], [-116.3779076, 43.673638]]]}}, {"type": "Feature", "properties": {"osm_type": "way", "osm_id": 1265929158, "golf": "hole", "leisure": null, "feature_type": "hole", "hole_number": 15, "name": null, "par": 4, "handicap": 13, "tee": "15", "source": "openstreetmap", "accuracy_note": "OSM extract 2026-07-28 H13/H14 (ways 1265928665\u20138685); ops grade not survey"}, "geometry": {"type": "LineString", "coordinates": [[-116.3793238, 43.6736201], [-116.3762744, 43.673282], [-116.3743905, 43.6732098]]}}, {"type": "Feature", "properties": {"osm_type": "way", "osm_id": 1265928687, "golf": "bunker", "leisure": null, "feature_type": "bunker", "hole_number": 15, "name": null, "par": 4, "handicap": null, "tee": null, "source": "openstreetmap", "accuracy_note": "OSM way 1265928687 H15 fairway bunker (west of 1265928688); added v1.61 Christopher mark"}, "geometry": {"type": "Polygon", "coordinates": [[[-116.3766846, 43.6736426], [-116.3767052, 43.6736355], [-116.3767187, 43.6736216], [-116.3767187, 43.6736058], [-116.3767112, 43.6735949], [-116.3767089, 43.6735801], [-116.3766958, 43.673573], [-116.3766678, 43.6735716], [-116.3766398, 43.6735683], [-116.3766197, 43.6735554], [-116.3765907, 43.6735355], [-116.3765641, 43.6735216], [-116.3765394, 43.6735162], [-116.3765263, 43.6735193], [-116.3765011, 43.6735314], [-116.3764847, 43.6735446], [-116.3764833, 43.6735598], [-116.3765006, 43.6735852], [-116.3765305, 43.673596], [-116.3765599, 43.6736014], [-116.3765865, 43.6736007], [-116.3766043, 43.673601], [-116.3766192, 43.6736118], [-116.376637, 43.6736287], [-116.3766585, 43.6736409], [-116.3766846, 43.6736426]]]}}]}